            0.000000 -1.239207 -0.388904  8.805717
            0.100000  0.432005 -3.847544 -6.098493
            0.200000 -1.018500 -0.799456  9.438546
            0.300000 -1.037709 -0.790961  9.575276
            0.400000 -1.023832 -0.833125  9.756163
            0.500000 -1.032992 -0.835768  9.804848
            0.600000 -1.036063 -0.844387  9.838297
            0.700000 -1.047626 -0.836720  9.872092
            0.800000 -1.047078 -0.822077  9.883150
            0.900000 -1.038926 -0.809547  9.898468
            1.000000 -1.039067 -0.818368  9.909380
            1.100000 -1.033919 -0.816718  9.925205
            1.200000 -1.016045 -0.805500  9.930385
            1.300000 -1.018304 -0.811528  9.937262
            1.400000 -1.004089 -0.826720  9.945518
            1.500000 -1.001145 -0.830066  9.957012
            1.600000 -0.992378 -0.825358  9.951129
            1.700000 -0.989704 -0.838307  9.959159
            1.800000 -0.993026 -0.845007  9.967858
            1.900000 -1.003465 -0.847337  9.970657
            2.000000 -1.006801 -0.849601  9.965893
            2.100000 -1.003905 -0.852908  9.982072
            2.200000 -1.012837 -0.865346  9.998483
            2.300000 -1.018107 -0.890516 10.010090
            2.400000 -1.037441 -0.920250 10.035384
            2.500000 -1.032438 -0.942679 10.081946
            2.600000 -1.018969 -0.967102 10.135516
            2.700000 -0.999071 -1.002037 10.180147
            2.800000 -0.970521 -1.056860 10.231359
            2.900000 -0.950486 -1.108754 10.255162
            3.000000 -0.932163 -1.177500 10.281266
            3.100000 -0.925259 -1.226682 10.303657
            3.200000 -0.902398 -1.268696 10.305666
            3.300000 -0.890475 -1.315951 10.292921
            3.400000 -0.892469 -1.346706 10.284288
            3.500000 -0.894078 -1.378428 10.256553
            3.600000 -0.901963 -1.400706 10.217059
            3.700000 -0.911908 -1.427847 10.170212
            3.800000 -0.927781 -1.440241 10.106643
            3.900000 -0.928597 -1.460977 10.073079
            4.000000 -0.922223 -1.472381 10.037678
            4.100000 -0.920205 -1.473882  9.996629
            4.200000 -0.902865 -1.473854  9.977758
            4.300000 -0.897385 -1.474665  9.959172
            4.400000 -0.887587 -1.477159  9.969231
            4.500000 -0.890330 -1.474508  9.960530
            4.600000 -0.896995 -1.473197  9.956363
            4.700000 -0.904442 -1.472302  9.958988
            4.800000 -0.902083 -1.461216  9.950386
            4.900000 -0.901982 -1.463424  9.951930
            5.000000 -0.900622 -1.470927  9.944701
            5.100000 -0.898367 -1.468768  9.941890
            5.200000 -0.888009 -1.470301  9.937591
            5.300000 -0.890832 -1.472950  9.937032
            5.400000 -0.895559 -1.467771  9.932769
            5.500000 -0.897658 -1.464626  9.930904
            5.600000 -0.896845 -1.467831  9.925657
            5.700000 -0.885214 -1.472302  9.922464
            5.800000 -0.877997 -1.474879  9.915900
            5.900000 -0.875549 -1.478014  9.914513
            6.000000 -0.854521 -1.472574  9.876266
            6.100000 -0.851112 -1.472669  9.866327
            6.200000 -0.845059 -1.471135  9.865067
            6.300000 -0.846823 -1.468359  9.856810
            6.400000 -0.848188 -1.465506  9.854398
            6.500000 -0.848716 -1.462466  9.851665
            6.600000 -0.847275 -1.452682  9.849507
            6.700000 -0.846635 -1.456526  9.849882
            6.800000 -0.851046 -1.459055  9.847048
            6.900000 -0.853848 -1.455571  9.846624
            7.000000 -0.849405 -1.456719  9.843332
            7.100000 -0.851162 -1.464300  9.859001
            7.200000 -0.851387 -1.464295  9.877241
            7.300000 -0.852913 -1.464572  9.878470
            7.400000 -0.854035 -1.465100  9.881312
            7.500000 -0.850595 -1.462323  9.885824
            7.600000 -0.855663 -1.460452  9.890013
            7.700000 -0.858331 -1.463834  9.896290
            7.800000 -0.859521 -1.451704  9.900742
            7.900000 -0.863248 -1.448346  9.904132
            8.000000 -0.867523 -1.443762  9.906886
            8.100000 -0.870500 -1.443931  9.909741
            8.200000 -0.872656 -1.445103  9.911969
            8.300000 -0.876511 -1.440834  9.914218
            8.400000 -0.873514 -1.439712  9.922756
            8.500000 -0.876049 -1.436480  9.927970
            8.600000 -0.880100 -1.435669  9.931257
            8.700000 -0.881234 -1.433735  9.938123
            8.800000 -0.886641 -1.428802  9.938512
            8.900000 -0.889441 -1.426364  9.945549
            9.000000 -0.888925 -1.399999  9.961658
            9.100000 -0.896635 -1.403539  9.960772
            9.200000 -0.897175 -1.406735  9.965900
            9.300000 -0.901592 -1.406157  9.969166
            9.400000 -0.898528 -1.404104  9.969714
            9.500000 -0.890881 -1.405867  9.970928
            9.600000 -0.881371 -1.405521  9.975937
            9.700000 -0.869033 -1.402485  9.978368
            9.800000 -0.872988 -1.402408  9.979153
            9.900000 -0.878455 -1.399832  9.985840
           10.000000 -0.877680 -1.396175  9.977495
           10.100000 -0.878476 -1.397226  9.977704
           10.200000 -0.883206 -1.396077  9.975330
           10.300000 -0.887209 -1.395611  9.962407
           10.400000 -0.889807 -1.395571  9.972063
           10.500000 -0.889056 -1.388457  9.969762
           10.600000 -0.891179 -1.390634  9.965335
           10.700000 -0.889688 -1.384973  9.968543
           10.800000 -0.893535 -1.388627  9.956439
           10.900000 -0.887747 -1.384411  9.957856
           11.000000 -0.887662 -1.372636  9.964449
           11.100000 -0.885687 -1.367697  9.959737
           11.200000 -0.892910 -1.369937  9.950595
           11.300000 -0.894204 -1.367019  9.952555
           11.400000 -0.896145 -1.358475  9.946301
           11.500000 -0.900009 -1.356412  9.938085
           11.600000 -0.895858 -1.352729  9.942069
           11.700000 -0.896852 -1.356881  9.937427
           11.800000 -0.897169 -1.355239  9.926420
           11.900000 -0.899985 -1.353577  9.929394
           12.000000 -0.921853 -1.303707  9.926292
           12.100000 -0.923246 -1.307406  9.919759
           12.200000 -0.918185 -1.314373  9.917147
           12.300000 -0.915130 -1.311537  9.910498
           12.400000 -0.917022 -1.312663  9.916631
           12.500000 -0.912643 -1.307778  9.950797
           12.600000 -0.917288 -1.293497  9.995460
           12.700000 -0.919094 -1.290799 10.051729
           12.800000 -0.919833 -1.300976 10.113827
           12.900000 -0.907742 -1.307444 10.183173
           13.000000 -0.889021 -1.306339 10.276624
           13.100000 -0.864387 -1.297961 10.354239
           13.200000 -0.840152 -1.285048 10.413835
           13.300000 -0.827154 -1.268482 10.477644
           13.400000 -0.795984 -1.245170 10.527078
           13.500000 -0.767346 -1.224361 10.559263
           13.600000 -0.737682 -1.201060 10.585991
           13.700000 -0.694870 -1.194096 10.619432
           13.800000 -0.653107 -1.190648 10.633754
           13.900000 -0.608760 -1.182597 10.638213
           14.000000 -0.559797 -1.181735 10.643087
           14.100000 -0.502977 -1.180152 10.652212
           14.200000 -0.442736 -1.174700 10.656939
           14.300000 -0.385187 -1.180973 10.652559
           14.400000 -0.321060 -1.189817 10.636832
           14.500000 -0.256916 -1.196307 10.626606
           14.600000 -0.195588 -1.202187 10.619305
           14.700000 -0.134583 -1.213884 10.597895
           14.800000 -0.068763 -1.227211 10.578169
           14.900000 -0.005181 -1.239898 10.566172
           15.000000  0.123490 -1.232909 10.416572
           15.100000  0.184543 -1.234219 10.382851
           15.200000  0.253163 -1.245795 10.353929
           15.300000  0.308887 -1.239881 10.335594
           15.400000  0.367581 -1.234142 10.334120
           15.500000  0.425237 -1.221049 10.317518
           15.600000  0.478205 -1.203254 10.314970
           15.700000  0.530787 -1.187010 10.368016
           15.800000  0.590064 -1.153464 10.339366
           15.900000  0.585180 -1.100821  9.951674
           16.000000  0.653489 -1.044287  9.919560
           16.100000  0.717510 -0.991348  9.899767
           16.200000  0.758786 -0.946422  9.634661
           16.300000  0.827369 -0.892097  9.639594
           16.400000  0.894985 -0.840647  9.620515
           16.500000  0.961016 -0.796507  9.631519
           16.600000  1.021805 -0.747708  9.637996
           16.700000  1.079762 -0.703063  9.656193
           16.800000  1.138550 -0.651676  9.671278
           16.900000  1.192068 -0.600169  9.681404
           17.000000  1.250720 -0.539298  9.696693
           17.100000  1.298611 -0.483478  9.698109
           17.200000  1.355467 -0.411216  9.704655
           17.300000  1.416348 -0.350676  9.720226
           17.400000  1.492464 -0.283469  9.710820
           17.500000  1.572818 -0.208930  9.717746
           17.600000  1.655884 -0.138663  9.726409
           17.700000  1.738849 -0.068283  9.706265
           17.800000 1.821870 0.000886 9.707951
           17.900000 1.902388 0.066405 9.734490
           18.000000 2.028199 0.185403 9.103817
           18.100000 2.106167 0.272511 9.114053
           18.200000 2.197160 0.368504 9.098651
           18.300000 2.279897 0.462167 9.111134
           18.400000 2.359948 0.550260 9.139000
           18.500000 2.438295 0.629527 9.162683
           18.600000 2.522959 0.734296 9.162162
           18.700000 2.602251 0.828077 9.171303
           18.800000 2.686051 0.922790 9.177765
           18.900000 2.758342 1.026204 9.198435
           19.000000 2.837594 1.131137 9.224892
           19.100000 2.914515 1.249341 9.217367
           19.200000 2.989660 1.362983 9.193774
           19.300000 3.067234 1.468135 9.183805
           19.400000 3.159884 1.568221 9.196931
           19.500000 3.244219 1.673440 9.192719
           19.600000 3.340405 1.769386 9.195864
           19.700000 3.432043 1.873100 9.188243
           19.800000 3.512271 1.975858 9.197494
           19.900000 3.586848 2.081849 9.213692
           20.000000 3.663904 2.183622 9.230686
           20.100000 3.737156 2.296337 9.226834
           20.200000 3.826207 2.398482 9.218612
           20.300000 3.925908 2.492705 9.224597
           20.400000 4.020162 2.577443 9.239529
           20.500000 4.128946 2.669050 9.230673
           20.600000 4.236908 2.747926 9.216819
           20.700000 4.335422 2.831036 9.203106
           20.800000 4.454519 2.909723 9.217504
           20.900000 4.561524 2.992861 9.251822
           21.000000 4.716245 3.096706 8.803097
           21.100000 4.835191 3.179066 8.805446
           21.200000 4.927345 3.259557 8.789760
           21.300000 5.048164 3.320765 8.808575
           21.400000 5.176927 3.376925 8.817340
           21.500000 5.302739 3.428754 8.801542
           21.600000 5.430708 3.479346 8.784376
           21.700000 5.556641 3.521672 8.784611
           21.800000 5.679423 3.566412 8.808743
           21.900000 5.803622 3.613298 8.818859
           22.000000 5.920678 3.661332 8.808877
           22.100000 6.042422 3.699123 8.809950
           22.200000 6.164409 3.736081 8.813854
           22.300000 6.281854 3.761842 8.811236
           22.400000 6.419898 3.787989 8.813543
           22.500000 6.549712 3.806320 8.781543
           22.600000 6.683004 3.814278 8.768514
           22.700000 6.813247 3.821970 8.771195
           22.800000 6.940899 3.837788 8.757865
           22.900000 7.068394 3.856266 8.749154
           23.000000 7.193435 3.859130 8.741258
           23.100000 7.313460 3.855266 8.737950
           23.200000 7.432069 3.847005 8.740352
           23.300000 7.554714 3.836877 8.736368
           23.400000 7.681185 3.814115 8.742874
           23.500000 7.801631 3.787908 8.726705
           23.600000 7.924440 3.760331 8.719824
           23.700000 8.053385 3.731103 8.729460
           23.800000 8.182269 3.718393 8.734048
           23.900000 8.301449 3.700375 8.726186
           24.000000 8.437225 3.739128 8.335256
           24.100000 8.553159 3.700437 8.322286
           24.200000 8.674038 3.660650 8.333189
           24.300000 8.788430 3.595382 8.330315
           24.400000 8.901105 3.532154 8.318872
           24.500000 9.016132 3.467503 8.325233
           24.600000 9.127090 3.400086 8.321084
           24.700000 9.241873 3.332192 8.323259
           24.800000 9.358338 3.266606 8.333606
           24.900000 9.466387 3.186369 8.326790
           25.000000 9.569789 3.094058 8.313413
           25.100000 9.665747 2.989174 8.305993
           25.200000 9.755539 2.882108 8.320761
           25.300000 9.841942 2.761888 8.304913
           25.400000 9.918103 2.639743 8.290084
           25.500000 9.987341 2.519943 8.278328
           25.600000 10.059983  2.392047  8.292576
           25.700000 10.141599  2.274453  8.295024
           25.800000 10.213311  2.161347  8.300173
           25.900000 10.278428  2.041489  8.273202
           26.000000 10.328354  1.917968  8.269281
           26.100000 10.379255  1.798848  8.273063
           26.200000 10.423379  1.665626  8.279872
           26.300000 10.474626  1.533186  8.259103
           26.400000 10.524839  1.407411  8.250063
           26.500000 10.577650  1.278149  8.243505
           26.600000 10.622708  1.154339  8.243561
           26.700000 10.681495  1.032444  8.251205
           26.800000 10.714911  0.897385  8.248114
           26.900000 10.750046  0.777428  8.242811
           27.000000 10.776304  0.699869  7.914135
           27.100000 10.799291  0.555721  7.943137
           27.200000 10.806667  0.419655  7.922169
           27.300000 10.810256  0.275203  7.897483
           27.400000 10.827343  0.139210  7.894252
           27.500000 10.837527  0.001680  7.891648
           27.600000 10.852180 -0.136516  7.894205
           27.700000 10.867380 -0.266058  7.902166
           27.800000 10.885110 -0.401849  7.887127
           27.900000 10.885423 -0.532749  7.891646
           28.000000 10.874963 -0.676128  7.902649
           28.100000 10.857988 -0.810536  7.896743
           28.200000 10.843690 -0.952212  7.885069
           28.300000 10.815584 -1.083935  7.875464
           28.400000 10.798115 -1.222855  7.875996
           28.500000 10.782865 -1.355711  7.878546
           28.600000 10.777667 -1.491177  7.856495
           28.700000 10.761771 -1.634903  7.818173
           28.800000 10.735030 -1.773239  7.806986
           28.900000 10.704323 -1.900073  7.823536
           29.000000 10.649013 -2.036254  7.829697
           29.100000 10.597160 -2.164728  7.825556
           29.200000 10.545578 -2.296478  7.825340
           29.300000 10.494387 -2.427246  7.828360
           29.400000 10.448860 -2.557106  7.830801
           29.500000 10.404456 -2.694617  7.843667
           29.600000 10.363365 -2.826915  7.826230
           29.700000 10.295311 -2.953102  7.819676
           29.800000 10.212749 -3.076411  7.825953
           29.900000 10.123231 -3.188546  7.854354
           30.000000 10.046098 -3.272689  7.609834
           30.100000  9.961016 -3.386387  7.601458
           30.200000  9.879760 -3.498969  7.595627
           30.300000  9.793984 -3.614570  7.608772
           30.400000  9.713613 -3.730255  7.650114
           30.500000  9.628646 -3.839164  7.649305
           30.600000  9.540961 -3.941073  7.634018
           30.700000  9.443398 -4.043563  7.641677
           30.800000  9.339201 -4.136757  7.668038
           30.900000  9.238730 -4.237396  7.685971
           31.000000  9.136109 -4.332187  7.678503
           31.100000  9.043521 -4.428380  7.683557
           31.200000  8.967477 -4.535616  7.702255
           31.300000  8.885272 -4.654209  7.724496
           31.400000  8.793667 -4.759800  7.729689
           31.500000  8.703842 -4.853884  7.727392
           31.600000  8.610376 -4.944280  7.734857
           31.700000  8.505987 -5.034341  7.757453
           31.800000  8.390997 -5.114107  7.773609
           31.900000  8.272104 -5.183443  7.779983
           32.000000  8.158014 -5.251579  7.770064
           32.100000  8.048256 -5.330274  7.778019
           32.200000  7.939689 -5.418419  7.799350
           32.300000  7.829542 -5.503907  7.812769
           32.400000  7.716191 -5.592621  7.809439
           32.500000  7.603364 -5.674810  7.801605
           32.600000  7.490894 -5.749895  7.820447
           32.700000  7.375277 -5.820811  7.836854
           32.800000  7.250743 -5.907104  7.839324
           32.900000  7.131471 -5.990637  7.817010
           33.000000  7.079917 -6.018617  7.733022
           33.100000  6.972307 -6.095738  7.730906
           33.200000  6.865295 -6.177971  7.733667
           33.300000  6.741532 -6.265453  7.733826
           33.400000  6.624695 -6.359551  7.715619
           33.500000  6.504543 -6.445393  7.722084
           33.600000  6.378069 -6.527004  7.755958
           33.700000  6.252607 -6.600362  7.764961
           33.800000  6.135135 -6.678381  7.751926
           33.900000  6.030489 -6.759691  7.749912
           34.000000  5.924090 -6.835606  7.776950
           34.100000  5.817139 -6.926469  7.793475
           34.200000  5.702551 -7.021364  7.780496
           34.300000  5.594461 -7.110751  7.764942
           34.400000  5.485718 -7.194554  7.789006
           34.500000  5.365038 -7.274870  7.805495
           34.600000  5.248206 -7.351597  7.822382
           34.700000  5.128022 -7.428147  7.813593
           34.800000  5.017806 -7.510763  7.808673
           34.900000  4.906725 -7.589950  7.818567
           35.000000  4.793405 -7.680133  7.820585
           35.100000  4.673098 -7.776843  7.805419
           35.200000  4.544480 -7.865526  7.797320
           35.300000  4.413463 -7.951432  7.798213
           35.400000  4.292254 -8.023446  7.819591
           35.500000  4.162635 -8.082029  7.831621
           35.600000  4.030574 -8.154743  7.827866
           35.700000  3.902397 -8.223585  7.807420
           35.800000  3.764736 -8.278670  7.828289
           35.900000  3.636900 -8.335524  7.838286
           36.000000  3.581183 -8.353156  7.724979
           36.100000  3.444957 -8.414393  7.728318
           36.200000  3.314319 -8.474328  7.716083
           36.300000  3.186106 -8.530804  7.739259
           36.400000  3.052379 -8.589858  7.754095
           36.500000  2.914029 -8.644831  7.754867
           36.600000  2.789835 -8.696435  7.738918
           36.700000  2.647481 -8.755810  7.736556
           36.800000  2.515760 -8.813933  7.757465
           36.900000  2.394109 -8.885360  7.768685
           37.000000  2.270370 -8.969161  7.768818
           37.100000  2.147668 -9.057858  7.750800
           37.200000  2.020489 -9.137067  7.758443
           37.300000  1.893807 -9.210130  7.769827
           37.400000  1.771686 -9.282554  7.772706
           37.500000  1.645335 -9.357859  7.761053
           37.600000  1.512991 -9.438845  7.754193
           37.700000  1.392799 -9.527008  7.750087
           37.800000  1.278035 -9.625987  7.757906
           37.900000  1.152038 -9.728521  7.750443
           38.000000  1.041040 -9.825794  7.724202
           38.100000  0.928592 -9.920963  7.724189
           38.200000   0.799147 -10.004284   7.748504
           38.300000   0.678505 -10.083487   7.774442
           38.400000   0.555934 -10.170553   7.772287
           38.500000   0.441010 -10.263744   7.769005
           38.600000   0.337082 -10.367262   7.775419
           38.700000   0.239601 -10.484086   7.781070
           38.800000   0.143659 -10.610555   7.772073
           38.900000   0.050760 -10.733255   7.749990
           39.000000   0.028843 -10.832458   7.602432
           39.100000  -0.059611 -10.945005   7.600183
           39.200000  -0.149062 -11.051317   7.609188
           39.300000  -0.241954 -11.163584   7.602174
           39.400000  -0.332629 -11.270610   7.596975
           39.500000  -0.412966 -11.388915   7.596906
           39.600000  -0.503496 -11.521514   7.604139
           39.700000  -0.584667 -11.655543   7.615261
           39.800000  -0.677158 -11.794643   7.597614
           39.900000  -0.771750 -11.927334   7.587245
           40.000000  -0.857957 -12.060162   7.595946
           40.100000  -0.944044 -12.185656   7.617785
           40.200000  -1.033636 -12.307291   7.623077
           40.300000  -1.110935 -12.420869   7.624369
           40.400000  -1.184503 -12.545203   7.626663
           40.500000  -1.247879 -12.675773   7.650692
           40.600000  -1.312805 -12.820375   7.662241
           40.700000  -1.370463 -12.966825   7.656674
           40.800000  -1.428337 -13.102218   7.666571
           40.900000  -1.489116 -13.232267   7.677270
           41.000000  -1.555720 -13.348992   7.692083
           41.100000  -1.630058 -13.471417   7.703295
           41.200000  -1.691900 -13.599766   7.681830
           41.300000  -1.756993 -13.731179   7.666428
           41.400000  -1.816121 -13.871823   7.675684
           41.500000  -1.867064 -14.017662   7.684969
           41.600000  -1.917618 -14.161442   7.672269
           41.700000  -1.971918 -14.311898   7.644928
           41.800000  -2.019393 -14.449983   7.638813
           41.900000  -2.061165 -14.590833   7.656965
           42.000000  -1.993705 -14.717181   7.497190
           42.100000  -2.030333 -14.859768   7.484567
           42.200000  -2.068765 -15.000406   7.474311
           42.300000  -2.103207 -15.138280   7.469640
           42.400000  -2.116407 -15.294653   7.486256
           42.500000  -2.146349 -15.448983   7.480223
           42.600000  -2.181257 -15.584668   7.454376
           42.700000  -2.212335 -15.729246   7.456871
           42.800000  -2.251041 -15.864131   7.473533
           42.900000  -2.282870 -16.002987   7.483842
           43.000000  -2.323414 -16.132737   7.475120
           43.100000  -2.361000 -16.263528   7.466796
           43.200000  -2.386417 -16.396261   7.470617
           43.300000  -2.409450 -16.554276   7.483123
           43.400000  -2.429548 -16.708284   7.468864
           43.500000  -2.456510 -16.864436   7.449176
           43.600000  -2.488323 -17.008134   7.433676
           43.700000  -2.518107 -17.151077   7.450149
           43.800000  -2.562686 -17.289391   7.453599
           43.900000  -2.610418 -17.418395   7.455992
           44.000000  -2.649130 -17.560172   7.455048
           44.100000  -2.682573 -17.691522   7.452524
           44.200000  -2.711825 -17.829719   7.464963
           44.300000  -2.721603 -17.977004   7.467468
           44.400000  -2.748208 -18.124025   7.465434
           44.500000  -2.769670 -18.269186   7.452724
           44.600000  -2.800537 -18.410016   7.469886
           44.700000  -2.832415 -18.538970   7.485930
           44.800000  -2.861661 -18.672864   7.502491
           44.900000  -2.892842 -18.806578   7.493948
           45.000000  -2.838874 -18.947237   7.369357
           45.100000  -2.849033 -19.091994   7.393541
           45.200000  -2.862460 -19.238071   7.403608
           45.300000  -2.870425 -19.381196   7.401413
           45.400000  -2.881555 -19.513073   7.387669
           45.500000  -2.894547 -19.658489   7.383930
           45.600000  -2.905065 -19.807517   7.399948
           45.700000  -2.924722 -19.949514   7.406618
           45.800000  -2.937225 -20.100829   7.393398
           45.900000  -2.937759 -20.240588   7.381231
           46.000000  -2.929583 -20.384837   7.386745
           46.100000  -2.913491 -20.533704   7.396583
           46.200000  -2.898518 -20.677252   7.394606
           46.300000  -2.887547 -20.820729   7.381916
           46.400000  -2.882908 -20.959670   7.377849
           46.500000  -2.885842 -21.107896   7.391087
           46.600000  -2.903100 -21.257870   7.398816
           46.700000  -2.915732 -21.401674   7.391826
           46.800000  -2.926813 -21.539984   7.385912
           46.900000  -2.932749 -21.683355   7.398196
           47.000000  -2.927258 -21.824828   7.425086
           47.100000  -2.915581 -21.967093   7.442197
           47.200000  -2.914744 -22.096951   7.435725
           47.300000  -2.907774 -22.223117   7.433315
           47.400000  -2.907378 -22.359038   7.446395
           47.500000  -2.905261 -22.504334   7.468299
           47.600000  -2.919194 -22.645902   7.458827
           47.700000  -2.922246 -22.785103   7.453502
           47.800000  -2.924683 -22.924788   7.447221
           47.900000  -2.921106 -23.063673   7.459743
           48.000000  -2.901163 -23.195344   7.451268
           48.100000  -2.889205 -23.329028   7.440135
           48.200000  -2.882649 -23.487218   7.412809
           48.300000  -2.877549 -23.627250   7.403136
           48.400000  -2.878357 -23.777068   7.406402
           48.500000  -2.895556 -23.912960   7.402367
           48.600000  -2.905965 -24.060118   7.384973
           48.700000  -2.919182 -24.203915   7.377787
           48.800000  -2.924530 -24.328434   7.400925
           48.900000  -2.920297 -24.473165   7.420987
           49.000000  -2.904137 -24.614235   7.423028
           49.100000  -2.896116 -24.747414   7.407291
           49.200000  -2.887459 -24.894253   7.403997
           49.300000  -2.886498 -25.035712   7.416542
           49.400000  -2.884932 -25.185452   7.423461
           49.500000  -2.876450 -25.326998   7.418097
           49.600000  -2.876613 -25.469102   7.399176
           49.700000  -2.869911 -25.613196   7.396711
           49.800000  -2.859497 -25.772604   7.402712
           49.900000  -2.829977 -25.928020   7.399213
           50.000000  -2.813301 -26.091706   7.376096
           50.100000  -2.785837 -26.257532   7.356519
           50.200000  -2.771879 -26.411525   7.357980
           50.300000  -2.764559 -26.562438   7.368284
           50.400000  -2.768631 -26.722183   7.359900
           50.500000  -2.772340 -26.866408   7.346384
           50.600000  -2.757356 -27.025670   7.329878
           50.700000  -2.749548 -27.183656   7.330911
           50.800000  -2.723437 -27.339583   7.334810
           50.900000  -2.714379 -27.485395   7.327086
           51.000000  -2.706663 -27.647489   7.304023
           51.100000  -2.695785 -27.802282   7.309580
           51.200000  -2.697936 -27.940846   7.327467
           51.300000  -2.708931 -28.104266   7.325626
           51.400000  -2.718237 -28.258289   7.312719
           51.500000  -2.718447 -28.416239   7.302825
           51.600000  -2.708781 -28.576299   7.306873
           51.700000  -2.686061 -28.736946   7.308247
           51.800000  -2.666743 -28.893786   7.294613
           51.900000  -2.651162 -29.043804   7.272046
           52.000000  -2.637951 -29.197749   7.278472
           52.100000  -2.630123 -29.354117   7.286326
           52.200000  -2.618966 -29.512367   7.287511
           52.300000  -2.613400 -29.666513   7.275852
           52.400000  -2.592377 -29.827110   7.257397
           52.500000  -2.564742 -29.982878   7.264653
           52.600000  -2.529213 -30.155538   7.270516
           52.700000  -2.506540 -30.312979   7.264565
           52.800000  -2.484919 -30.466878   7.240929
           52.900000  -2.465319 -30.639855   7.240869
           53.000000  -2.450076 -30.785140   7.256831
           53.100000  -2.440735 -30.930099   7.261360
           53.200000  -2.427977 -31.085420   7.248912
           53.300000  -2.411300 -31.250665   7.234086
           53.400000  -2.386494 -31.395007   7.242828
           53.500000  -2.346218 -31.558695   7.255299
           53.600000  -2.325640 -31.720759   7.243036
           53.700000  -2.302871 -31.871431   7.209948
           53.800000  -2.272216 -32.022612   7.207809
           53.900000  -2.255542 -32.169787   7.216663
           54.000000  -2.250018 -32.317472   7.220163
           54.100000  -2.230616 -32.472266   7.206391
           54.200000  -2.211994 -32.627477   7.190853
           54.300000  -2.183206 -32.775549   7.188539
           54.400000  -2.152330 -32.936645   7.186113
           54.500000  -2.111465 -33.089250   7.172465
           54.600000  -2.085679 -33.246539   7.155552
           54.700000  -2.073425 -33.393704   7.151080
           54.800000  -2.055066 -33.555935   7.165892
           54.900000  -2.045709 -33.703456   7.172462
           55.000000  -2.025513 -33.866727   7.156085
           55.100000  -2.014020 -34.021310   7.133108
           55.200000  -1.986626 -34.181376   7.126101
           55.300000  -1.953309 -34.349232   7.132561
           55.400000  -1.913472 -34.511315   7.129579
           55.500000  -1.889165 -34.653818   7.109064
           55.600000  -1.861089 -34.816356   7.095259
           55.700000  -1.838749 -34.971346   7.101934
           55.800000  -1.837977 -35.129368   7.108675
           55.900000  -1.827176 -35.294822   7.104736
           56.000000  -1.805184 -35.451407   7.078635
           56.100000  -1.774567 -35.606896   7.073076
           56.200000  -1.744436 -35.767224   7.083301
           56.300000  -1.699516 -35.924381   7.085750
           56.400000  -1.658142 -36.082110   7.071272
           56.500000  -1.622641 -36.228528   7.053727
           56.600000  -1.589202 -36.392103   7.052016
           56.700000  -1.562214 -36.544846   7.057840
           56.800000  -1.540986 -36.701088   7.038104
           56.900000  -1.510626 -36.846367   7.011423
           57.000000  -1.480937 -37.009525   7.002384
           57.100000  -1.435860 -37.172287   7.004001
           57.200000  -1.389841 -37.334030   7.006349
           57.300000  -1.343512 -37.488980   6.980080
           57.400000  -1.310930 -37.637082   6.965281
           57.500000  -1.270647 -37.782022   6.971387
           57.600000  -1.243621 -37.925622   6.981648
           57.700000  -1.212431 -38.086215   6.982793
           57.800000  -1.193240 -38.231996   6.971924
           57.900000  -1.153287 -38.380619   6.973661
           58.000000  -1.107934 -38.533129   6.987836
           58.100000  -1.058924 -38.694530   6.988348
           58.200000  -1.009164 -38.831475   6.972779
           58.300000  -0.969485 -38.981873   6.957541
           58.400000  -0.931287 -39.137310   6.961075
           58.500000  -0.899921 -39.272460   6.967712
           58.600000  -0.869969 -39.430084   6.966516
           58.700000  -0.848288 -39.578492   6.949340
           58.800000  -0.811245 -39.733260   6.934984
           58.900000  -0.765461 -39.878233   6.939206
           59.000000  -0.711150 -40.020420   6.934074
           59.100000  -0.647020 -40.167449   6.914702
           59.200000  -0.587679 -40.301636   6.897695
           59.300000  -0.536964 -40.440913   6.894364
           59.400000  -0.490407 -40.581575   6.905734
           59.500000  -0.450723 -40.719273   6.906523
           59.600000  -0.411118 -40.856131   6.899048
           59.700000  -0.371002 -40.985293   6.894750
           59.800000  -0.309412 -41.121632   6.902122
           59.900000  -0.244441 -41.248321   6.911726
           60.000000  -0.239520 -41.379704   6.903589
           60.100000  -0.186520 -41.514059   6.887588
           60.200000  -0.134135 -41.652959   6.883205
           60.300000  -0.089050 -41.788950   6.888425
           60.400000  -0.056821 -41.928225   6.893742
           60.500000  -0.034682 -42.067675   6.879519
           60.600000  -0.005896 -42.209546   6.867882
           60.700000   0.036129 -42.339276   6.864265
           60.800000   0.080672 -42.473358   6.876306
           60.900000   0.130936 -42.601493   6.873598
           61.000000   0.166658 -42.720794   6.852328
           61.100000   0.196201 -42.840253   6.837713
           61.200000   0.214641 -42.978389   6.857904
           61.300000   0.233236 -43.120602   6.871298
           61.400000   0.252159 -43.237767   6.863293
           61.500000   0.262040 -43.359369   6.842030
           61.600000   0.283858 -43.480362   6.815700
           61.700000   0.308810 -43.601345   6.818666
           61.800000   0.332075 -43.731948   6.816888
           61.900000   0.345600 -43.861405   6.803236
           62.000000   0.345089 -43.989575   6.781058
           62.100000   0.338745 -44.113650   6.777434
           62.200000   0.320185 -44.235598   6.802513
           62.300000   0.292915 -44.353686   6.802726
           62.400000   0.267302 -44.469188   6.782599
           62.500000   0.244760 -44.580542   6.750208
           62.600000   0.225703 -44.702738   6.735717
           62.700000   0.204740 -44.835058   6.744019
           62.800000   0.194189 -44.955751   6.735706
           62.900000   0.181323 -45.075045   6.701940
           63.000000   0.108705 -45.195583   6.676460
           63.100000   0.074442 -45.305184   6.694086
           63.200000   0.025210 -45.417811   6.699926
           63.300000  -0.017192 -45.527923   6.703611
           63.400000  -0.067215 -45.635026   6.692243
           63.500000  -0.106382 -45.738361   6.667770
           63.600000  -0.138294 -45.848225   6.667734
           63.700000  -0.178113 -45.971113   6.674368
           63.800000  -0.197670 -46.089713   6.665196
           63.900000  -0.220872 -46.200500   6.642157
           64.000000  -0.235626 -46.308822   6.616841
           64.100000  -0.286783 -46.411785   6.610698
           64.200000  -0.319687 -46.524237   6.634881
           64.300000  -0.369942 -46.628856   6.627211
           64.400000  -0.414542 -46.725206   6.607965
           64.500000  -0.457102 -46.822242   6.594915
           64.600000  -0.486109 -46.929735   6.608531
           64.700000  -0.521209 -47.040980   6.598654
           64.800000  -0.539556 -47.154939   6.578260
           64.900000  -0.557039 -47.250855   6.555313
           65.000000  -0.580458 -47.360795   6.536440
           65.100000  -0.612674 -47.480282   6.530478
           65.200000  -0.670926 -47.602187   6.530560
           65.300000  -0.710177 -47.711366   6.511842
           65.400000  -0.757224 -47.818103   6.496981
           65.500000  -0.796654 -47.922945   6.480479
           65.600000  -0.829823 -48.034279   6.478406
           65.700000  -0.852318 -48.140242   6.477516
           65.800000  -0.861972 -48.241550   6.461844
           65.900000  -0.886950 -48.343004   6.434829
           66.000000  -1.081709 -48.455048   6.403758
           66.100000  -1.115455 -48.561001   6.390782
           66.200000  -1.163164 -48.660176   6.399016
           66.300000  -1.206852 -48.757911   6.393257
           66.400000  -1.243515 -48.845864   6.382299
           66.500000  -1.272862 -48.927749   6.361936
           66.600000  -1.312002 -49.021768   6.356689
           66.700000  -1.339959 -49.117871   6.364810
           66.800000  -1.362859 -49.200696   6.354235
           66.900000  -1.383537 -49.286941   6.342441
           67.000000  -1.405151 -49.373098   6.325851
           67.100000  -1.423681 -49.474415   6.318669
           67.200000  -1.442918 -49.565015   6.320611
           67.300000  -1.475387 -49.661821   6.325266
           67.400000  -1.530427 -49.746993   6.306276
           67.500000  -1.554695 -49.831293   6.297586
           67.600000  -1.592355 -49.923281   6.281971
           67.700000  -1.627358 -50.016139   6.270913
           67.800000  -1.647083 -50.106088   6.279754
           67.900000  -1.682316 -50.205127   6.291155
           68.000000  -1.705299 -50.291432   6.282399
           68.100000  -1.737115 -50.371829   6.275191
           68.200000  -1.771013 -50.457910   6.271794
           68.300000  -1.806429 -50.540648   6.275873
           68.400000  -1.849593 -50.621933   6.287753
           68.500000  -1.885726 -50.702692   6.278924
           68.600000  -1.921170 -50.769607   6.273687
           68.700000  -1.954922 -50.837182   6.260165
           68.800000  -1.999162 -50.902781   6.265162
           68.900000  -2.046286 -50.968275   6.268422
           69.000000  -2.681255 -51.016779   6.308466
           69.100000  -2.719674 -51.076426   6.315071
           69.200000  -2.760801 -51.147837   6.303165
           69.300000  -2.797900 -51.228028   6.303494
           69.400000  -2.842253 -51.305623   6.303613
           69.500000  -2.892837 -51.380398   6.312813
           69.600000  -2.947938 -51.456630   6.309181
           69.700000  -2.997418 -51.535828   6.306249
           69.800000  -3.048364 -51.625327   6.286037
           69.900000  -3.089462 -51.721486   6.274371
           70.000000  -3.148217 -51.810035   6.271659
           70.100000  -3.206931 -51.892546   6.281539
           70.200000  -3.239499 -51.990564   6.280529
           70.300000  -3.283305 -52.078254   6.262924
           70.400000  -3.314825 -52.174504   6.245144
           70.500000  -3.367007 -52.260789   6.246589
           70.600000  -3.416216 -52.349666   6.258447
           70.700000  -3.461003 -52.437512   6.255538
           70.800000  -3.494417 -52.525384   6.239127
           70.900000  -3.533573 -52.610856   6.221680
           71.000000  -3.580216 -52.699510   6.218104
           71.100000  -3.643785 -52.783046   6.213559
           71.200000  -3.692088 -52.866862   6.214691
           71.300000  -3.733017 -52.944738   6.206390
           71.400000  -3.755890 -53.024515   6.197249
           71.500000  -3.780589 -53.111709   6.192031
           71.600000  -3.811448 -53.197253   6.191021
           71.700000  -3.848497 -53.283422   6.202473
           71.800000  -3.877965 -53.371170   6.199786
           71.900000  -3.901171 -53.454725   6.186597
           72.000000  -4.121109 -53.510170   6.234107
           72.100000  -4.143530 -53.593959   6.240038
           72.200000  -4.143961 -53.674989   6.237944
           72.300000  -4.144477 -53.759955   6.243058
           72.400000  -4.151289 -53.832147   6.230261
           72.500000  -4.117309 -53.911495   6.210761
           72.600000  -4.100733 -53.987736   6.195066
           72.700000  -4.077351 -54.064248   6.188911
           72.800000  -4.057292 -54.146147   6.193294
           72.900000  -4.030968 -54.217413   6.201430
           73.000000  -3.997488 -54.290678   6.194650
           73.100000  -3.967193 -54.365584   6.179023
           73.200000  -3.941265 -54.446257   6.167513
           73.300000  -3.900939 -54.519103   6.157981
           73.400000  -3.858805 -54.610223   6.171227
           73.500000  -3.810400 -54.680461   6.163882
           73.600000  -3.738160 -54.758717   6.162784
           73.700000  -3.692411 -54.826825   6.149901
           73.800000  -3.626999 -54.897176   6.145036
           73.900000  -3.572065 -54.978554   6.151161
           74.000000  -3.498248 -55.064621   6.167074
           74.100000  -3.437929 -55.150122   6.178009
           74.200000  -3.380950 -55.229748   6.169030
           74.300000  -3.307535 -55.321791   6.155985
           74.400000  -3.243331 -55.405660   6.163816
           74.500000  -3.170896 -55.490591   6.181262
           74.600000  -3.083114 -55.569880   6.181694
           74.700000  -3.009211 -55.644345   6.169383
           74.800000  -2.937392 -55.720420   6.149836
           74.900000  -2.849531 -55.800374   6.155301
           75.000000  -2.885550 -55.876732   6.331137
           75.100000  -2.809649 -55.955931   6.331609
           75.200000  -2.741432 -56.038691   6.323470
           75.300000  -2.657265 -56.115136   6.310605
           75.400000  -2.578891 -56.184042   6.299556
           75.500000  -2.492164 -56.243526   6.311968
           75.600000  -2.400042 -56.296319   6.316440
           75.700000  -2.309713 -56.334706   6.295572
           75.800000  -2.223502 -56.373600   6.276624
           75.900000  -2.135218 -56.403422   6.265040
           76.000000  -2.054386 -56.432478   6.274344
           76.100000  -1.981857 -56.474165   6.284790
           76.200000  -1.909040 -56.510994   6.298008
           76.300000  -1.842582 -56.538183   6.302126
           76.400000  -1.768340 -56.563663   6.297263
           76.500000  -1.697775 -56.593510   6.286658
           76.600000  -1.613728 -56.624444   6.293378
           76.700000  -1.538709 -56.651589   6.280586
           76.800000  -1.449993 -56.678172   6.280109
           76.900000  -1.376670 -56.702859   6.245766
           77.000000  -1.295215 -56.724116   6.233949
           77.100000  -1.192017 -56.735154   6.214486
           77.200000  -1.080418 -56.742818   6.211805
           77.300000  -0.964212 -56.755680   6.200779
           77.400000  -0.848233 -56.765113   6.193391
           77.500000  -0.734539 -56.780771   6.177797
           77.600000  -0.625306 -56.782390   6.146788
           77.700000  -0.501135 -56.787037   6.141796
           77.800000  -0.362340 -56.790384   6.152662
           77.900000  -0.229993 -56.780954   6.139113
           78.000000  -0.154069 -56.753016   6.168751
           78.100000  -0.024844 -56.731111   6.150243
           78.200000   0.103227 -56.720043   6.147559
           78.300000   0.235291 -56.714077   6.148952
           78.400000   0.378821 -56.705161   6.137581
           78.500000   0.509128 -56.684559   6.101079
           78.600000   0.654568 -56.673367   6.062257
           78.700000   0.795962 -56.652005   6.053371
           78.800000   0.937659 -56.630275   6.057070
           78.900000   1.073727 -56.609922   6.054134
           79.000000   1.208952 -56.590673   6.027273
           79.100000   1.355901 -56.566807   5.991809
           79.200000   1.513733 -56.550468   5.978070
           79.300000   1.662133 -56.551235   5.963014
           79.400000   1.791363 -56.550266   5.935735
           79.500000   1.937671 -56.550802   5.886955
           79.600000   2.083275 -56.562862   5.856381
           79.700000   2.236670 -56.570591   5.834427
           79.800000   2.370586 -56.580181   5.813217
           79.900000   2.525377 -56.584779   5.778598
           80.000000   2.660066 -56.586548   5.733910
           80.100000   2.813544 -56.596818   5.711697
           80.200000   2.963416 -56.627650   5.688705
           80.300000   3.102035 -56.677507   5.681169
           80.400000   3.252551 -56.721932   5.623242
           80.500000   3.391326 -56.751968   5.579775
           80.600000   3.542067 -56.781747   5.555628
           80.700000   3.668768 -56.817443   5.556440
           80.800000   3.796005 -56.838282   5.542485
           80.900000   3.927807 -56.854643   5.487620
           81.000000   4.140919 -56.820728   5.014434
           81.100000   4.282532 -56.847201   5.010871
           81.200000   4.441631 -56.876294   4.977494
           81.300000   4.577507 -56.916377   4.943526
           81.400000   4.729871 -56.949778   4.881683
           81.500000   4.876581 -56.976803   4.807460
           81.600000   5.003844 -57.016855   4.809631
           81.700000   5.174668 -57.033790   4.757477
           81.800000   5.317272 -57.048395   4.672398
           81.900000   5.481914 -57.059498   4.566553
           82.000000   5.638547 -57.079072   4.502098
           82.100000   5.778988 -57.103163   4.476497
           82.200000   5.946227 -57.144559   4.418357
           82.300000   6.093033 -57.169725   4.362439
           82.400000   6.259325 -57.194747   4.289876
           82.500000   6.382090 -57.230493   4.294651
           82.600000   6.495866 -57.254272   4.303641
           82.700000   6.632009 -57.290469   4.288362
           82.800000   6.755031 -57.328270   4.269158
           82.900000   6.900098 -57.364182   4.247199
           83.000000   7.033655 -57.413968   4.246661
           83.100000   7.155712 -57.473880   4.252992
           83.200000   7.282678 -57.549292   4.245529
           83.300000   7.387962 -57.609310   4.231754
           83.400000   7.497434 -57.679223   4.217786
           83.500000   7.618285 -57.743070   4.232211
           83.600000   7.737773 -57.783354   4.231985
           83.700000   7.864961 -57.807132   4.221355
           83.800000   8.006580 -57.822953   4.191796
           83.900000   8.131764 -57.860006   4.184293
           84.000000   8.482963 -57.804819   3.316629
           84.100000   8.612189 -57.858460   3.330538
           84.200000   8.741373 -57.912036   3.354990
           84.300000   8.873272 -57.950077   3.338058
           84.400000   8.991721 -57.988498   3.346442
           84.500000   9.116146 -58.030683   3.376373
           84.600000   9.266504 -58.056078   3.384641
           84.700000   9.392210 -58.070965   3.395391
           84.800000   9.513538 -58.088910   3.414733
           84.900000   9.643083 -58.103310   3.409075
           85.000000   9.761797 -58.132037   3.446985
           85.100000   9.879441 -58.179280   3.479442
           85.200000   9.997115 -58.208085   3.471598
           85.300000  10.104960 -58.243440   3.501325
           85.400000  10.229700 -58.274970   3.541129
           85.500000  10.373684 -58.283367   3.546986
           85.600000  10.514454 -58.279122   3.530178
           85.700000  10.657183 -58.288512   3.502788
           85.800000  10.802104 -58.291153   3.501781
           85.900000  10.941831 -58.296857   3.524349
           86.000000  11.072106 -58.311823   3.533972
           86.100000  11.205948 -58.326664   3.513434
           86.200000  11.341377 -58.337933   3.494146
           86.300000  11.477954 -58.349202   3.503533
           86.400000  11.617443 -58.361844   3.519054
           86.500000  11.769781 -58.367700   3.519545
           86.600000  11.917051 -58.369772   3.494973
           86.700000  12.063780 -58.381657   3.495623
           86.800000  12.203290 -58.401353   3.514723
           86.900000  12.344309 -58.436977   3.523843
           87.000000  12.540578 -58.420776   3.070849
           87.100000  12.671556 -58.447130   3.026166
           87.200000  12.805926 -58.476048   3.012725
           87.300000  12.955495 -58.508339   3.010112
           87.400000  13.102952 -58.523094   2.995499
           87.500000  13.251158 -58.525441   2.948887
           87.600000  13.385479 -58.534115   2.911377
           87.700000  13.523966 -58.549403   2.918266
           87.800000  13.656663 -58.602440   2.937163
           87.900000  13.792107 -58.641891   2.929847
           88.000000  13.910919 -58.677579   2.904277
           88.100000  14.045658 -58.719582   2.886389
           88.200000  14.178922 -58.757249   2.907547
           88.300000  14.315182 -58.777081   2.911287
           88.400000  14.450482 -58.802645   2.894159
           88.500000  14.582479 -58.827301   2.866946
           88.600000  14.731902 -58.865025   2.874000
           88.700000  14.860340 -58.904242   2.871270
           88.800000  14.997212 -58.956272   2.881045
           88.900000  15.128974 -58.989940   2.856238
           89.000000  15.256889 -59.021986   2.841005
           89.100000  15.406301 -59.045194   2.859258
           89.200000  15.552286 -59.051862   2.862001
           89.300000  15.696031 -59.060019   2.854409
           89.400000  15.831495 -59.056684   2.813680
           89.500000  15.955813 -59.075070   2.817959
           89.600000  16.098168 -59.093540   2.836470
           89.700000  16.239285 -59.133156   2.845478
           89.800000  16.374211 -59.169793   2.819277
           89.900000  16.502543 -59.206781   2.803281
           90.000000  16.703116 -59.185183   2.393078
           90.100000  16.836275 -59.208589   2.416472
           90.200000  16.963833 -59.219556   2.458912
           90.300000  17.101384 -59.222535   2.441838
           90.400000  17.235203 -59.226572   2.434688
           90.500000  17.388577 -59.234415   2.454048
           90.600000  17.511515 -59.275917   2.485543
           90.700000  17.641038 -59.302607   2.476742
           90.800000  17.766018 -59.328870   2.467014
           90.900000  17.904877 -59.357288   2.468219
           91.000000  18.041673 -59.379187   2.475206
           91.100000  18.190972 -59.378021   2.482838
           91.200000  18.339144 -59.363079   2.464273
           91.300000  18.476838 -59.357934   2.437655
           91.400000  18.637568 -59.345605   2.430524
           91.500000  18.771040 -59.364509   2.451216
           91.600000  18.913155 -59.384918   2.459124
           91.700000  19.052340 -59.395850   2.433941
           91.800000  19.179496 -59.414907   2.420194
           91.900000  19.336939 -59.421053   2.437397
           92.000000  19.486001 -59.405897   2.456152
           92.100000  19.617886 -59.379994   2.454035
           92.200000  19.753132 -59.352832   2.426668
           92.300000  19.892684 -59.345724   2.429266
           92.400000  20.043512 -59.339136   2.449010
           92.500000  20.185207 -59.346707   2.445259
           92.600000  20.328731 -59.351422   2.422697
           92.700000  20.462825 -59.349241   2.400022
           92.800000  20.604483 -59.353801   2.399417
           92.900000  20.749345 -59.341263   2.410503
           93.000000  20.915743 -59.296972   2.169713
           93.100000  21.046691 -59.286844   2.147720
           93.200000  21.190264 -59.285759   2.148006
           93.300000  21.341576 -59.290539   2.157510
           93.400000  21.484278 -59.306489   2.159288
           93.500000  21.626292 -59.319365   2.147091
           93.600000  21.769854 -59.332910   2.125219
           93.700000  21.919304 -59.342389   2.115537
           93.800000  22.058613 -59.355417   2.126298
           93.900000  22.189718 -59.359219   2.140858
           94.000000  22.334909 -59.346997   2.126668
           94.100000  22.475278 -59.341975   2.109721
           94.200000  22.609562 -59.352963   2.123785
           94.300000  22.762527 -59.375186   2.139641
           94.400000  22.897622 -59.402819   2.132748
           94.500000  23.035656 -59.422923   2.103984
           94.600000  23.168786 -59.429612   2.103242
           94.700000  23.319060 -59.437697   2.109935
           94.800000  23.454221 -59.447129   2.119386
           94.900000  23.589303 -59.447976   2.101916
           95.000000  23.728102 -59.452719   2.075644
           95.100000  23.872008 -59.464460   2.073500
           95.200000  24.010038 -59.478990   2.092876
           95.300000  24.158632 -59.506879   2.097130
           95.400000  24.300481 -59.519652   2.065935
           95.500000  24.432626 -59.533743   2.069185
           95.600000  24.571612 -59.538947   2.078143
           95.700000  24.711485 -59.538782   2.080721
           95.800000  24.854329 -59.531967   2.065888
           95.900000  25.004588 -59.510409   2.040795
           96.000000  25.143299 -59.497150   1.855701
           96.100000  25.292576 -59.509384   1.859755
           96.200000  25.428947 -59.515210   1.872790
           96.300000  25.585123 -59.521736   1.857283
           96.400000  25.730584 -59.530298   1.837457
           96.500000  25.869562 -59.520814   1.832014
           96.600000  26.019418 -59.512959   1.836478
           96.700000  26.160503 -59.493657   1.826641
           96.800000  26.309696 -59.473189   1.792170
           96.900000  26.436602 -59.458881   1.773854
           97.000000  26.582166 -59.442856   1.781654
           97.100000  26.717259 -59.440729   1.781722
           97.200000  26.857472 -59.452336   1.762074
           97.300000  27.007472 -59.455126   1.729692
           97.400000  27.148277 -59.450397   1.713380
           97.500000  27.294448 -59.445479   1.722639
           97.600000  27.455620 -59.441448   1.738690
           97.700000  27.596966 -59.425470   1.734763
           97.800000  27.735944 -59.416115   1.729614
           97.900000  27.873573 -59.397905   1.732361
           98.000000  28.025406 -59.373912   1.726423
           98.100000  28.178548 -59.365305   1.734267
           98.200000  28.323363 -59.358432   1.710981
           98.300000  28.466210 -59.336261   1.694299
           98.400000  28.615098 -59.315888   1.699818
           98.500000  28.757766 -59.295095   1.711778
           98.600000  28.899869 -59.262239   1.710606
           98.700000  29.028762 -59.241167   1.703323
           98.800000  29.161721 -59.215576   1.698103
           98.900000  29.300283 -59.207272   1.698509
           99.000000  29.461616 -59.194699   1.472375
           99.100000  29.603017 -59.191928   1.465930
           99.200000  29.734058 -59.192746   1.443720
           99.300000  29.873937 -59.188830   1.433103
           99.400000  30.023523 -59.191343   1.430483
           99.500000  30.161098 -59.191193   1.430050
           99.600000  30.289519 -59.190833   1.427568
           99.700000  30.433429 -59.174025   1.405950
           99.800000  30.556020 -59.162221   1.397887
           99.900000  30.657376 -59.158430   1.409035
          100.000000  30.788503 -59.162680   1.407227
          100.100000  30.934245 -59.160004   1.379337
          100.200000  31.071291 -59.174624   1.361257
          100.300000  31.211049 -59.193084   1.362230
          100.400000  31.347263 -59.207498   1.375629
          100.500000  31.488081 -59.224807   1.377140
          100.600000  31.627445 -59.237130   1.349693
          100.700000  31.757420 -59.252528   1.335743
          100.800000  31.887542 -59.268952   1.332598
          100.900000  32.043334 -59.292403   1.326400
          101.000000  32.196306 -59.321149   1.303314
          101.100000  32.325282 -59.346353   1.286783
          101.200000  32.470272 -59.362501   1.268391
          101.300000  32.603226 -59.378269   1.270600
          101.400000  32.735156 -59.381877   1.274760
          101.500000  32.865216 -59.386684   1.266924
          101.600000  33.003112 -59.389849   1.251927
          101.700000  33.155904 -59.388098   1.249598
          101.800000  33.300414 -59.392786   1.245216
          101.900000  33.445682 -59.414895   1.232933
          102.000000  33.577956 -59.438949   0.987324
          102.100000  33.732332 -59.451551   0.968132
          102.200000  33.880478 -59.454151   0.984292
          102.300000  34.023274 -59.454002   1.004380
          102.400000  34.170912 -59.440832   1.006689
          102.500000  34.320464 -59.437298   0.989982
          102.600000  34.463234 -59.432169   0.990969
          102.700000  34.621520 -59.433333   0.986723
          102.800000  34.770960 -59.437690   0.996870
          102.900000  34.905477 -59.450702   1.007929
          103.000000  35.045236 -59.450959   1.012632
          103.100000  35.187595 -59.448580   1.019648
          103.200000  35.325024 -59.443514   1.025165
          103.300000  35.460290 -59.437989   1.034935
          103.400000  35.593580 -59.432606   1.027452
          103.500000  35.730719 -59.418473   1.000736
          103.600000  35.860625 -59.414582   1.005708
          103.700000  35.986267 -59.406046   1.009599
          103.800000  36.123622 -59.417374   0.998195
          103.900000  36.263228 -59.426118   0.972198
          104.000000  36.411655 -59.433964   0.948932
          104.100000  36.552164 -59.424163   0.947767
          104.200000  36.691295 -59.425775   0.948179
          104.300000  36.821306 -59.429788   0.942807
          104.400000  36.957734 -59.430827   0.933149
          104.500000  37.081509 -59.415914   0.926945
          104.600000  37.223973 -59.413116   0.928337
          104.700000  37.362560 -59.412784   0.940968
          104.800000  37.496563 -59.408921   0.928259
          104.900000  37.632465 -59.407391   0.897931
          105.000000  37.706435 -59.428965   0.722631
          105.100000  37.838147 -59.430838   0.723188
          105.200000  37.965572 -59.416223   0.741857
          105.300000  38.120985 -59.388657   0.713870
          105.400000  38.264419 -59.363056   0.703109
          105.500000  38.411131 -59.347793   0.719875
          105.600000  38.556183 -59.336853   0.724710
          105.700000  38.714713 -59.328850   0.726037
          105.800000  38.863652 -59.315465   0.696810
          105.900000  39.015599 -59.297771   0.689473
          106.000000  39.158167 -59.273140   0.693929
          106.100000  39.294966 -59.252134   0.696933
          106.200000  39.446774 -59.224980   0.685866
          106.300000  39.600769 -59.185472   0.650033
          106.400000  39.738511 -59.163988   0.654607
          106.500000  39.898939 -59.146460   0.668784
          106.600000  40.055911 -59.131551   0.659792
          106.700000  40.206790 -59.113074   0.644900
          106.800000  40.346235 -59.101806   0.620981
          106.900000  40.502140 -59.082280   0.630182
          107.000000  40.655225 -59.056449   0.647246
          107.100000  40.795295 -59.038319   0.635431
          107.200000  40.938010 -59.012339   0.616863
          107.300000  41.092684 -58.988926   0.627425
          107.400000  41.239104 -58.972469   0.643455
          107.500000  41.395968 -58.963753   0.650419
          107.600000  41.537720 -58.948546   0.638961
          107.700000  41.687226 -58.930909   0.628729
          107.800000  41.827672 -58.922597   0.646330
          107.900000  41.970155 -58.908465   0.662448
          108.000000  42.090494 -58.894779   0.562359
          108.100000  42.235066 -58.874393   0.549055
          108.200000  42.374215 -58.860987   0.556844
          108.300000  42.524262 -58.851243   0.571217
          108.400000  42.666140 -58.860504   0.581245
          108.500000  42.808849 -58.858612   0.567553
          108.600000  42.954422 -58.848811   0.555192
          108.700000  43.086792 -58.840488   0.560087
          108.800000  43.226581 -58.831016   0.576252
          108.900000  43.386582 -58.808088   0.576472
          109.000000  43.528577 -58.791941   0.552794
          109.100000  43.668265 -58.772431   0.548510
          109.200000  43.821837 -58.768668   0.562630
          109.300000  43.974088 -58.767975   0.554280
          109.400000  44.128504 -58.759703   0.533694
          109.500000  44.264440 -58.760959   0.505684
          109.600000  44.397417 -58.758787   0.496860
          109.700000  44.547803 -58.742073   0.505078
          109.800000  44.689841 -58.726270   0.503239
          109.900000  44.815765 -58.709278   0.470658
          110.000000  44.958660 -58.672321   0.431145
          110.100000  45.095365 -58.681091   0.440624
          110.200000  45.251386 -58.670332   0.463951
          110.300000  45.396884 -58.658959   0.442355
          110.400000  45.537417 -58.658222   0.405045
          110.500000  45.689861 -58.661731   0.380843
          110.600000  45.842085 -58.648259   0.380336
          110.700000  45.982973 -58.664458   0.384937
          110.800000  46.119842 -58.658735   0.358981
          110.900000  46.261183 -58.652640   0.340123
          111.000000  46.366577 -58.689131   0.205225
          111.100000  46.500688 -58.710083   0.217575
          111.200000  46.640174 -58.730133   0.212489
          111.300000  46.774665 -58.756991   0.189173
          111.400000  46.904499 -58.772692   0.160526
          111.500000  47.046421 -58.808633   0.167026
          111.600000  47.188046 -58.843088   0.161131
          111.700000  47.329152 -58.873188   0.148419
          111.800000  47.463289 -58.897295   0.118436
          111.900000  47.601748 -58.931298   0.104657
          112.000000  47.745441 -58.964990   0.103716
          112.100000  47.872528 -59.015376   0.104993
          112.200000  48.008439 -59.065014   0.086847
          112.300000  48.143633 -59.114797   0.054828
          112.400000  48.275470 -59.168405   0.051993
          112.500000  48.414675 -59.242227   0.056925
          112.600000  48.541201 -59.304571   0.060917
          112.700000  48.674612 -59.368861   0.033686
          112.800000  48.801564 -59.440739   0.017163
          112.900000  48.926179 -59.512885   0.029033
          113.000000  49.044474 -59.612792   0.046304
          113.100000  49.162532 -59.708132   0.032144
          113.200000  49.266066 -59.816233  -0.005258
          113.300000  49.380889 -59.923067  -0.030733
          113.400000  49.485935 -60.035766  -0.026512
          113.500000  49.609560 -60.149217  -0.025955
          113.600000  49.718495 -60.257035  -0.045983
          113.700000  49.811036 -60.369187  -0.066611
          113.800000  49.903210 -60.493647  -0.057412
          113.900000  49.975882 -60.619831  -0.049552
          114.000000  50.054781 -60.744457  -0.105250
          114.100000  50.123567 -60.875926  -0.133708
          114.200000  50.198042 -61.010519  -0.153533
          114.300000  50.276620 -61.144056  -0.144013
          114.400000  50.365573 -61.270214  -0.133389
          114.500000  50.443696 -61.387480  -0.139487
          114.600000  50.536295 -61.504766  -0.160035
          114.700000  50.618287 -61.633632  -0.163084
          114.800000  50.691109 -61.760859  -0.151483
          114.900000  50.766426 -61.901791  -0.144585
          115.000000  50.836835 -62.030830  -0.170151
          115.100000  50.910207 -62.157688  -0.184499
          115.200000  50.975094 -62.285405  -0.169034
          115.300000  51.061210 -62.412625  -0.152403
          115.400000  51.134534 -62.532991  -0.156922
          115.500000  51.216176 -62.653227  -0.183765
          115.600000  51.289494 -62.780763  -0.184653
          115.700000  51.353137 -62.912588  -0.165377
          115.800000  51.421878 -63.054138  -0.160001
          115.900000  51.479520 -63.187178  -0.189147
          116.000000  51.544365 -63.318505  -0.214848
          116.100000  51.602649 -63.455229  -0.217532
          116.200000  51.676707 -63.596552  -0.210240
          116.300000  51.748152 -63.728766  -0.224171
          116.400000  51.819656 -63.855964  -0.258176
          116.500000  51.884300 -63.987446  -0.262059
          116.600000  51.942823 -64.121917  -0.256722
          116.700000  51.984460 -64.271924  -0.250910
          116.800000  52.031741 -64.418536  -0.274918
          116.900000  52.084544 -64.552588  -0.303274
          117.000000  52.144993 -64.675447  -0.310015
          117.100000  52.207525 -64.826324  -0.309482
          117.200000  52.294229 -64.968338  -0.317690
          117.300000  52.365120 -65.097307  -0.346751
          117.400000  52.422466 -65.218237  -0.359847
          117.500000  52.466821 -65.350061  -0.348883
          117.600000  52.515576 -65.493951  -0.345379
          117.700000  52.578136 -65.647359  -0.356970
          117.800000  52.639236 -65.779872  -0.387175
          117.900000  52.688770 -65.918442  -0.385773
          118.000000  52.729477 -66.054391  -0.377871
          118.100000  52.787101 -66.194998  -0.377349
          118.200000  52.844259 -66.330803  -0.401259
          118.300000  52.885223 -66.462815  -0.426633
          118.400000  52.910837 -66.609181  -0.423584
          118.500000  52.927496 -66.760988  -0.416976
          118.600000  52.954126 -66.912285  -0.430459
          118.700000  52.987253 -67.061060  -0.468467
          118.800000  52.988183 -67.201413  -0.466391
          118.900000  52.986026 -67.327868  -0.471475
          119.000000  53.016453 -67.467407  -0.469868
          119.100000  53.048432 -67.615591  -0.467638
          119.200000  53.065281 -67.762619  -0.497047
          119.300000  53.075663 -67.897637  -0.497192
          119.400000  53.081988 -68.043375  -0.496193
          119.500000  53.078827 -68.208212  -0.500718
          119.600000  53.085703 -68.365587  -0.533143
          119.700000  53.084321 -68.519977  -0.551235
          119.800000  53.080579 -68.657583  -0.560072
          119.900000  53.092107 -68.795583  -0.560140
          120.000000  53.109121 -68.950616  -0.566148
          120.100000  53.124429 -69.085232  -0.590999
          120.200000  53.137166 -69.237616  -0.610194
          120.300000  53.134710 -69.389389  -0.603894
          120.400000  53.117960 -69.546644  -0.598783
          120.500000  53.108587 -69.687422  -0.621465
          120.600000  53.091547 -69.834897  -0.639682
          120.700000  53.095660 -69.969087  -0.634268
          120.800000  53.093225 -70.111415  -0.627558
          120.900000  53.102733 -70.252865  -0.644175
          121.000000  53.116920 -70.393433  -0.669207
          121.100000  53.129875 -70.536698  -0.677885
          121.200000  53.136402 -70.677849  -0.683267
          121.300000  53.129027 -70.827362  -0.669546
          121.400000  53.127684 -70.975407  -0.687736
          121.500000  53.120099 -71.121408  -0.715295
          121.600000  53.133099 -71.261621  -0.711154
          121.700000  53.128567 -71.406908  -0.705600
          121.800000  53.136603 -71.548867  -0.705641
          121.900000  53.160062 -71.681015  -0.709753
          122.000000  53.181214 -71.810822  -0.727365
          122.100000  53.205076 -71.935833  -0.726255
          122.200000  53.196776 -72.069875  -0.714906
          122.300000  53.173251 -72.201261  -0.717766
          122.400000  53.161136 -72.338612  -0.733347
          122.500000  53.150310 -72.488301  -0.736047
          122.600000  53.157088 -72.624557  -0.724544
          122.700000  53.182551 -72.755565  -0.723186
          122.800000  53.209813 -72.891228  -0.739121
          122.900000  53.231082 -73.025511  -0.766026
          123.000000  53.249617 -73.143067  -0.762259
          123.100000  53.250011 -73.279775  -0.749956
          123.200000  53.239167 -73.415863  -0.743641
          123.300000  53.218381 -73.559346  -0.752552
          123.400000  53.214632 -73.696923  -0.773190
          123.500000  53.218017 -73.845724  -0.768273
          123.600000  53.231461 -73.986183  -0.769149
          123.700000  53.258082 -74.129749  -0.781052
          123.800000  53.286447 -74.266088  -0.811630
          123.900000  53.321855 -74.405640  -0.830732
          124.000000  53.345711 -74.540550  -0.823668
          124.100000  53.361930 -74.678704  -0.810799
          124.200000  53.375392 -74.801395  -0.810014
          124.300000  53.395996 -74.932642  -0.838878
          124.400000  53.427417 -75.081794  -0.853182
          124.500000  53.459360 -75.226734  -0.849364
          124.600000  53.491109 -75.368162  -0.843015
          124.700000  53.549611 -75.496072  -0.852918
          124.800000  53.614029 -75.634941  -0.888822
          124.900000  53.665770 -75.764636  -0.889097
          125.000000  53.703176 -75.902615  -0.890816
          125.100000  53.724837 -76.046478  -0.893955
          125.200000  53.752809 -76.186023  -0.901889
          125.300000  53.786120 -76.323642  -0.933078
          125.400000  53.834920 -76.466050  -0.937219
          125.500000  53.884986 -76.607855  -0.929997
          125.600000  53.949484 -76.726495  -0.943894
          125.700000  54.021160 -76.857062  -0.991890
          125.800000  54.074789 -76.990700  -1.005955
          125.900000  54.125327 -77.124501  -1.006511
          126.000000  54.184531 -77.258528  -1.002826
          126.100000  54.239403 -77.384866  -1.018729
          126.200000  54.312879 -77.512026  -1.057118
          126.300000  54.392254 -77.637636  -1.073209
          126.400000  54.477449 -77.758405  -1.055930
          126.500000  54.550917 -77.869768  -1.059505
          126.600000  54.643474 -77.968631  -1.095968
          126.700000  54.732050 -78.079018  -1.109188
          126.800000  54.827836 -78.185852  -1.118688
          126.900000  54.912706 -78.310983  -1.110086
          127.000000  54.985016 -78.430285  -1.111897
          127.100000  55.078468 -78.533909  -1.139253
          127.200000  55.175644 -78.641062  -1.144830
          127.300000  55.273764 -78.741793  -1.138805
          127.400000  55.398371 -78.836830  -1.137942
          127.500000  55.516889 -78.916567  -1.168081
          127.600000  55.636989 -78.982318  -1.203634
          127.700000  55.737278 -79.057295  -1.180500
          127.800000  55.851734 -79.142449  -1.184107
          127.900000  55.969003 -79.244483  -1.191014
          128.000000  56.087130 -79.300783  -1.205173
          128.100000  56.221069 -79.352746  -1.228916
          128.200000  56.358628 -79.409669  -1.223910
          128.300000  56.501455 -79.432993  -1.214089
          128.400000  56.636066 -79.448235  -1.218933
          128.500000  56.763754 -79.469428  -1.243563
          128.600000  56.902625 -79.497673  -1.233164
          128.700000  57.040407 -79.538194  -1.256999
          128.800000  57.181052 -79.576159  -1.255078
          128.900000  57.313658 -79.598762  -1.266907
          129.000000  57.458397 -79.620334  -1.290401
          132.200000  61.974617 -79.479838  -1.442922
          132.300000  62.117874 -79.477356  -1.442835
          132.400000  62.248441 -79.466382  -1.443468
          132.500000  62.400535 -79.490916  -1.436469
          132.600000  62.537764 -79.502263  -1.428313
          132.700000  62.672706 -79.505877  -1.456691
          132.800000  62.818885 -79.503118  -1.457561
          132.900000  62.948186 -79.497725  -1.457969
          133.000000  63.076238 -79.475084  -1.458801
          133.100000  63.216540 -79.465159  -1.484504
          133.200000  63.362483 -79.436478  -1.502227
          133.300000  63.511379 -79.425356  -1.483891
          133.400000  63.638343 -79.427075  -1.469240
          133.500000  63.783080 -79.428736  -1.482386
          133.600000  63.913663 -79.427652  -1.507113
          133.700000  64.056062 -79.428578  -1.508565
          133.800000  64.181046 -79.417966  -1.500555
          133.900000  64.317405 -79.398799  -1.488765
          134.000000  64.460644 -79.393144  -1.498966
          134.100000  64.602647 -79.384605  -1.536569
          134.200000  64.750389 -79.363462  -1.525478
          134.300000  64.889551 -79.365139  -1.514729
          134.400000  65.028972 -79.365013  -1.508703
          134.500000  65.171286 -79.349044  -1.528417
          134.600000  65.314259 -79.330179  -1.552491
          134.700000  65.448356 -79.306270  -1.551142
          134.800000  65.583357 -79.272179  -1.534179
          134.900000  65.720279 -79.229107  -1.541243
          135.000000  65.854580 -79.198988  -1.569770
          135.100000  66.011440 -79.174189  -1.584278
          135.200000  66.151444 -79.148366  -1.571378
          135.300000  66.296133 -79.150959  -1.572190
          135.400000  66.436412 -79.134667  -1.584043
          135.500000  66.580748 -79.122386  -1.624765
          135.600000  66.735427 -79.109158  -1.620885
          135.700000  66.877829 -79.094014  -1.605798
          135.800000  67.013410 -79.070341  -1.600061
          135.900000  67.161280 -79.043060  -1.626968
          136.000000  67.309235 -79.004237  -1.644203
          136.100000  67.455706 -79.000703  -1.629038
          136.200000  67.597570 -79.020875  -1.606504
          136.300000  67.723270 -79.049605  -1.622642
          136.400000  67.873815 -79.037010  -1.647854
          136.500000  68.025603 -79.040464  -1.646429
          136.600000  68.155885 -79.025087  -1.648035
          136.700000  68.299072 -78.985950  -1.641033
          136.800000  68.435291 -78.971758  -1.663100
          136.900000  68.580371 -78.937813  -1.691583
          137.000000  68.720167 -78.913203  -1.683169
          137.100000  68.860091 -78.903831  -1.663237
          137.200000  69.003960 -78.891309  -1.676100
          137.300000  69.147933 -78.876764  -1.699231
          137.400000  69.275213 -78.845939  -1.706302
          137.500000  69.414561 -78.818246  -1.697817
          137.600000  69.549811 -78.779326  -1.698683
          137.700000  69.683713 -78.729154  -1.691515
          137.800000  69.805213 -78.678580  -1.716576
          137.900000  69.936890 -78.618091  -1.723482
          138.000000  70.069728 -78.575955  -1.719486
          138.100000  70.189636 -78.528592  -1.720291
          138.200000  70.315562 -78.472518  -1.724751
          138.300000  70.439228 -78.412174  -1.749598
          138.400000  70.541389 -78.338032  -1.742915
          138.500000  70.636986 -78.234214  -1.735327
          138.600000  70.723821 -78.123452  -1.727358
          138.700000  70.796371 -78.017862  -1.750740
          138.800000  70.881446 -77.912264  -1.763990
          138.900000  70.949959 -77.805750  -1.764336
          139.000000  71.022933 -77.705643  -1.743082
          139.100000  71.093269 -77.599669  -1.741952
          139.200000  71.146890 -77.474801  -1.762423
          139.300000  71.177959 -77.346833  -1.747438
          139.400000  71.208663 -77.218165  -1.726908
          139.500000  71.228570 -77.086662  -1.716447
          139.600000  71.254066 -76.954264  -1.721888
          139.700000  71.270506 -76.829895  -1.744778
          139.800000  71.300689 -76.689680  -1.729509
          139.900000  71.320755 -76.563025  -1.706994
          140.000000  71.346912 -76.429087  -1.696325
          140.100000  71.363096 -76.304128  -1.707283
          140.200000  71.373824 -76.161642  -1.717476
          140.300000  71.384729 -76.029386  -1.699233
          140.400000  71.385335 -75.899064  -1.676261
          140.500000  71.382177 -75.754519  -1.669318
          140.600000  71.355864 -75.611673  -1.687417
          140.700000  71.340130 -75.466134  -1.688770
          140.800000  71.338405 -75.309584  -1.670379
          140.900000  71.351342 -75.170776  -1.664508
          141.000000  71.368638 -75.039323  -1.651914
          141.100000  71.364534 -74.904604  -1.663339
          141.200000  71.359788 -74.763599  -1.654615
          141.300000  71.352383 -74.629502  -1.617610
          141.400000  71.318032 -74.491569  -1.608793
          141.500000  71.274997 -74.355118  -1.612674
          141.600000  71.258674 -74.212601  -1.620786
          141.700000  71.259886 -74.074821  -1.602604
          141.800000  71.264886 -73.935468  -1.566260
          141.900000  71.268716 -73.790077  -1.565963
          142.000000  71.287349 -73.652919  -1.589360
          142.100000  71.284834 -73.525582  -1.586722
          142.200000  71.279756 -73.392244  -1.574014
          142.300000  71.258897 -73.254543  -1.559684
          142.400000  71.230526 -73.125091  -1.550182
          142.500000  71.203842 -73.005962  -1.559388
          142.600000  71.192095 -72.863005  -1.548230
          142.700000  71.197664 -72.729766  -1.527201
          142.800000  71.203045 -72.589792  -1.497868
          142.900000  71.198260 -72.437147  -1.504470
          143.000000  71.193904 -72.299083  -1.508347
          143.100000  71.181235 -72.168713  -1.495376
          143.200000  71.169921 -72.043032  -1.461715
          143.300000  71.137753 -71.901432  -1.455784
          143.400000  71.094601 -71.773199  -1.457983
          143.500000  71.075585 -71.618400  -1.470553
          143.600000  71.075682 -71.469547  -1.443788
          143.700000  71.092251 -71.331393  -1.422992
          143.800000  71.100121 -71.188610  -1.416732
          143.900000  71.091295 -71.056793  -1.430404
          144.000000  71.075405 -70.918356  -1.429028
          144.100000  71.060128 -70.783168  -1.395648
          144.200000  71.032830 -70.654933  -1.372681
          144.300000  71.009518 -70.521685  -1.397585
          144.400000  70.977441 -70.376696  -1.413038
          144.500000  70.956299 -70.223250  -1.393567
          144.600000  70.966865 -70.097446  -1.363444
          144.700000  70.980878 -69.948354  -1.359835
          144.800000  70.985777 -69.813088  -1.366385
          144.900000  70.964967 -69.659185  -1.373066
          145.000000  70.934693 -69.531013  -1.347561
          145.100000  70.889053 -69.402467  -1.329986
          145.200000  70.840889 -69.283129  -1.322380
          145.300000  70.812170 -69.146887  -1.327121
          145.400000  70.791880 -69.004833  -1.319052
          145.500000  70.781128 -68.874089  -1.291781
          145.600000  70.784192 -68.740483  -1.275355
          145.700000  70.779130 -68.597122  -1.290612
          145.800000  70.761645 -68.466173  -1.305653
          145.900000  70.736712 -68.323362  -1.286870
          146.000000  70.695000 -68.184528  -1.259508
          146.100000  70.658726 -68.047301  -1.263328
          146.200000  70.629362 -67.912379  -1.278365
          146.300000  70.609245 -67.765654  -1.274186
          146.400000  70.615028 -67.612847  -1.252186
          146.500000  70.650566 -67.473942  -1.232776
          146.600000  70.664709 -67.338910  -1.228430
          146.700000  70.673948 -67.196819  -1.250354
          146.800000  70.680387 -67.056624  -1.240167
          146.900000  70.687348 -66.904956  -1.217035
          147.000000  70.692584 -66.767714  -1.195614
          147.100000  70.690062 -66.622341  -1.209278
          147.200000  70.703101 -66.495901  -1.220394
          147.300000  70.740381 -66.365814  -1.190419
          147.400000  70.804657 -66.244860  -1.175146
          147.500000  70.872581 -66.119225  -1.142703
          147.600000  70.932020 -66.016765  -1.134198
          147.700000  71.008582 -65.896078  -1.147209
          147.800000  71.081289 -65.782065  -1.143281
          147.900000  71.130420 -65.656483  -1.145355
          148.000000  71.180569 -65.536564  -1.131885
          148.100000  71.239483 -65.428732  -1.129025
          148.200000  71.305756 -65.318165  -1.126774
          148.300000  71.376548 -65.225093  -1.133789
          148.400000  71.446629 -65.121072  -1.109325
          148.500000  71.532719 -65.025385  -1.115755
          148.600000  71.618164 -64.925214  -1.127002
          148.700000  71.699538 -64.829070  -1.145184
          148.800000  71.771698 -64.721568  -1.148504
          148.900000  71.837698 -64.606148  -1.127524
          149.000000  71.893523 -64.509286  -1.122408
          149.100000  71.948536 -64.405051  -1.147014
          149.200000  72.014854 -64.305541  -1.153985
          149.300000  72.089580 -64.212864  -1.127140
          149.400000  72.172400 -64.129844  -1.110788
          149.500000  72.260531 -64.052595  -1.132824
          149.600000  72.360457 -63.962273  -1.156967
          149.700000  72.442745 -63.886867  -1.162639
          149.800000  72.526939 -63.801950  -1.147562
          149.900000  72.613207 -63.711252  -1.145737
          150.000000  72.692543 -63.624537  -1.168337
          150.100000  72.773994 -63.534941  -1.198450
          150.200000  72.859359 -63.451992  -1.187999
          150.300000  72.960466 -63.377272  -1.169275
          150.400000  73.059465 -63.306242  -1.171888
          150.500000  73.148621 -63.244477  -1.184791
          150.600000  73.250179 -63.167917  -1.206647
          150.700000  73.336713 -63.102925  -1.191279
          150.800000  73.434263 -63.025650  -1.190906
          150.900000  73.522257 -62.947521  -1.194520
          151.000000  73.595744 -62.870917  -1.213103
          151.100000  73.680155 -62.789766  -1.222968
          151.200000  73.775146 -62.694435  -1.216334
          151.300000  73.863483 -62.616888  -1.210917
          151.400000  73.964294 -62.540238  -1.209935
          151.500000  74.054778 -62.462707  -1.227816
          151.600000  74.145137 -62.393599  -1.243003
          151.700000  74.234545 -62.320323  -1.236282
          151.800000  74.324865 -62.235278  -1.228746
          151.900000  74.403410 -62.144851  -1.232296
          152.000000  74.486837 -62.050290  -1.257726
          152.100000  74.562409 -61.956555  -1.281254
          152.200000  74.650364 -61.864702  -1.274273
          152.300000  74.743015 -61.785477  -1.263881
          152.400000  74.820329 -61.705248  -1.264205
          152.500000  74.903799 -61.617898  -1.280406
          152.600000  74.980841 -61.534614  -1.284752
          152.700000  75.040075 -61.442239  -1.278279
          152.800000  75.110260 -61.347058  -1.273486
          152.900000  75.170428 -61.246158  -1.281360
          153.000000  75.218668 -61.143147  -1.299341
          153.100000  75.276296 -61.034473  -1.327130
          153.200000  75.353571 -60.930590  -1.324145
          153.300000  75.415789 -60.830765  -1.313675
          153.400000  75.487354 -60.719340  -1.322442
          153.500000  75.546959 -60.611408  -1.348123
          153.600000  75.599367 -60.516901  -1.340084
          153.700000  75.645797 -60.416119  -1.327856
          153.800000  75.691563 -60.302855  -1.321141
          153.900000  75.735363 -60.177603  -1.323156
          154.000000  75.772602 -60.069692  -1.335140
          154.100000  75.827078 -59.950081  -1.324733
          154.200000  75.892687 -59.847076  -1.313872
          154.300000  75.968782 -59.757505  -1.304740
          154.400000  76.033283 -59.666647  -1.312062
          154.500000  76.104120 -59.572400  -1.329843
          154.600000  76.159394 -59.480012  -1.310248
          154.700000  76.212412 -59.371302  -1.290465
          154.800000  76.264449 -59.264717  -1.283789
          154.900000  76.321223 -59.157113  -1.285874
          155.000000  76.369244 -59.052076  -1.297841
          155.100000  76.426551 -58.956806  -1.291139
          155.200000  76.493089 -58.858138  -1.273940
          155.300000  76.566780 -58.758312  -1.264056
          155.400000  76.628342 -58.662438  -1.276139
          155.500000  76.689498 -58.565138  -1.288853
          155.600000  76.732924 -58.464088  -1.283418
          155.700000  76.800291 -58.349028  -1.281456
          155.800000  76.870340 -58.241261  -1.272003
          155.900000  76.937577 -58.134465  -1.275991
          156.000000  77.004825 -58.033221  -1.291725
          156.100000  77.096599 -57.940141  -1.296069
          156.200000  77.190253 -57.862314  -1.278317
          156.300000  77.260584 -57.772005  -1.265616
          156.400000  77.343602 -57.690994  -1.278726
          156.500000  77.425139 -57.608809  -1.270887
          156.600000  77.503487 -57.514380  -1.253438
          156.700000  77.576261 -57.424442  -1.235892
          156.800000  77.646745 -57.333260  -1.232460
          156.900000  77.713583 -57.247092  -1.233779
          157.000000  77.793306 -57.166108  -1.241210
          157.100000  77.882110 -57.081797  -1.225562
          157.200000  77.974398 -56.991959  -1.222632
          157.300000  78.071386 -56.905051  -1.235616
          157.400000  78.157837 -56.823075  -1.256957
          157.500000  78.248935 -56.745149  -1.266286
          157.600000  78.343562 -56.668462  -1.253586
          157.700000  78.433524 -56.585470  -1.251249
          157.800000  78.509550 -56.502178  -1.257818
          157.900000  78.602933 -56.415581  -1.271612
          158.000000  78.684612 -56.353113  -1.278058
          158.100000  78.777814 -56.283561  -1.273418
          158.200000  78.878905 -56.227757  -1.273524
          158.300000  78.978714 -56.170593  -1.268152
          158.400000  79.080718 -56.107090  -1.290831
          158.500000  79.177124 -56.050790  -1.309723
          158.600000  79.262800 -55.988390  -1.318138
          158.700000  79.355757 -55.929222  -1.306455
          158.800000  79.461751 -55.878620  -1.305372
          158.900000  79.556668 -55.839103  -1.324908
          159.000000  79.652393 -55.778744  -1.337547
          159.100000  79.769747 -55.716017  -1.330217
          159.200000  79.872065 -55.681380  -1.327724
          159.300000  79.987978 -55.656585  -1.328862
          159.400000  80.101276 -55.644240  -1.339924
          159.500000  80.222641 -55.623006  -1.359014
          159.600000  80.336634 -55.597178  -1.351682
          159.700000  80.456767 -55.566262  -1.350732
          159.800000  80.577630 -55.545873  -1.356036
          159.900000  80.694792 -55.513798  -1.367788
          160.000000  80.812194 -55.464939  -1.378276
          160.100000  80.926823 -55.428743  -1.371424
          160.200000  81.057315 -55.396995  -1.371322
          160.300000  81.194906 -55.372630  -1.379085
          160.400000  81.329463 -55.353030  -1.398220
          160.500000  81.455436 -55.338967  -1.408041
          160.600000  81.580856 -55.323699  -1.402394
          160.700000  81.718514 -55.308256  -1.397039
          160.800000  81.849079 -55.283627  -1.402986
          160.900000  81.982078 -55.258365  -1.425447
          161.000000  82.119331 -55.231572  -1.450440
          161.100000  82.252964 -55.211745  -1.435031
          161.200000  82.399696 -55.200615  -1.426713
          161.300000  82.531013 -55.185777  -1.436478
          161.400000  82.663317 -55.166860  -1.458392
          161.500000  82.792115 -55.152302  -1.463945
          161.600000  82.928666 -55.137565  -1.453750
          161.700000  83.060860 -55.113373  -1.447252
          161.800000  83.193142 -55.082360  -1.467629
          161.900000  83.313564 -55.042045  -1.498079
          162.000000  83.450830 -55.001576  -1.499938
          162.100000  83.594240 -54.971514  -1.447445
          162.200000  83.716695 -54.953239  -1.451418
          162.300000  83.852867 -54.928889  -1.477059
          162.400000  83.984744 -54.911663  -1.493268
          162.500000  84.114714 -54.891097  -1.481873
          162.600000  84.252259 -54.854034  -1.475164
          162.700000  84.389846 -54.810439  -1.483697
          162.800000  84.527944 -54.763900  -1.505706
          162.900000  84.671470 -54.727700  -1.515638
          163.000000  84.815438 -54.699580  -1.500373
          163.100000  84.957425 -54.668438  -1.491840
          163.200000  85.092726 -54.644603  -1.512245
          163.300000  85.234205 -54.605242  -1.543703
          163.400000  85.370270 -54.566092  -1.543914
          163.500000  85.511286 -54.526607  -1.530045
          163.600000  85.644545 -54.464964  -1.536024
          163.700000  85.778307 -54.403380  -1.566693
          163.800000  85.914272 -54.344175  -1.578198
          163.900000  86.054932 -54.292561  -1.567308
          164.000000  86.197047 -54.254290  -1.563306
          164.100000  86.337477 -54.214406  -1.580216
          164.200000  86.461302 -54.172381  -1.602505
          164.300000  86.597183 -54.146868  -1.609377
          164.400000  86.725828 -54.099368  -1.589662
          164.500000  86.866586 -54.051139  -1.587951
          164.600000  87.003621 -54.002694  -1.612147
          164.700000  87.136999 -53.955987  -1.637326
          164.800000  87.276401 -53.918564  -1.623987
          164.900000  87.422784 -53.888482  -1.618634
          165.000000  87.556307 -53.871245  -1.626121
          165.100000  87.701697 -53.823991  -1.634601
          165.200000  87.845361 -53.803732  -1.642725
          165.300000  87.980066 -53.770255  -1.631094
          165.400000  88.120892 -53.717996  -1.623677
          165.500000  88.250491 -53.673801  -1.645409
          165.600000  88.383717 -53.632935  -1.675169
          165.700000  88.524780 -53.600679  -1.684198
          165.800000  88.665985 -53.584902  -1.669816
          165.900000  88.817500 -53.569454  -1.678598
          166.000000  88.954395 -53.544688  -1.713933
          166.100000  89.082802 -53.526707  -1.730901
          166.200000  89.230943 -53.509650  -1.717448
          166.300000  89.360506 -53.467074  -1.707427
          166.400000  89.503520 -53.430997  -1.724367
          166.500000  89.639973 -53.387610  -1.750218
          166.600000  89.780202 -53.354008  -1.746307
          166.700000  89.928179 -53.349403  -1.733934
          166.800000  90.064672 -53.346243  -1.732218
          166.900000  90.212122 -53.332541  -1.758197
          167.000000  90.360215 -53.312870  -1.788965
          167.100000  90.504301 -53.291364  -1.777017
          167.200000  90.642939 -53.258340  -1.774619
          167.300000  90.779639 -53.216700  -1.788748
          167.400000  90.909244 -53.186979  -1.823554
          167.500000  91.046849 -53.155784  -1.823688
          167.600000  91.198643 -53.142609  -1.815149
          167.700000  91.350842 -53.129418  -1.807764
          167.800000  91.495917 -53.116555  -1.833479
          167.900000  91.636708 -53.102645  -1.863578
          168.000000  91.779506 -53.095882  -1.867763
          168.100000  91.925002 -53.063556  -1.856251
          168.200000  92.066791 -53.032822  -1.861085
          168.300000  92.204603 -53.005170  -1.896081
          168.400000  92.337287 -52.974806  -1.910797
          168.500000  92.471750 -52.949923  -1.904365
          168.600000  92.603625 -52.946429  -1.886642
          168.700000  92.743531 -52.935208  -1.897450
          168.800000  92.878145 -52.914213  -1.927483
          168.900000  93.026187 -52.907588  -1.939907
          169.000000  93.164603 -52.890702  -1.933161
          169.100000  93.306845 -52.858513  -1.933158
          169.200000  93.447478 -52.820233  -1.962404
          169.300000  93.587039 -52.782521  -1.995344
          169.400000  93.732785 -52.758095  -1.991050
          169.500000  93.879184 -52.744972  -1.984288
          169.600000  94.026075 -52.741391  -1.992118
          169.700000  94.163743 -52.732086  -2.021239
          169.800000  94.300669 -52.724256  -2.035951
          169.900000  94.435087 -52.709975  -2.016255
          170.000000  94.574252 -52.677621  -2.012873
          170.100000  94.718200 -52.642966  -2.034154
          170.200000  94.849146 -52.605961  -2.069610
          170.300000  94.991904 -52.586264  -2.060822
          170.400000  95.125608 -52.575502  -2.041628
          170.500000  95.274704 -52.562577  -2.039637
          170.600000  95.416640 -52.555414  -2.064769
          170.700000  95.558221 -52.531159  -2.088241
          170.800000  95.700015 -52.504673  -2.072065
          170.900000  95.838957 -52.477439  -2.067528
          171.000000  95.987951 -52.432362  -2.081156
          171.100000  96.133700 -52.382300  -2.128859
          171.200000  96.281318 -52.354837  -2.137237
          171.300000  96.429539 -52.350902  -2.127450
          171.400000  96.582346 -52.350582  -2.122813
          171.500000  96.730108 -52.343637  -2.140728
          171.600000  96.869225 -52.334928  -2.170309
          171.700000  97.002043 -52.329887  -2.162960
          171.800000  97.150850 -52.303980  -2.148906
          171.900000  97.285998 -52.263389  -2.153474
          172.000000  97.426340 -52.235412  -2.197280
          172.100000  97.567711 -52.208185  -2.214305
          172.200000  97.713316 -52.203544  -2.207574
          172.300000  97.856629 -52.215774  -2.203976
          172.400000  97.993666 -52.218615  -2.213570
          172.500000  98.128317 -52.222688  -2.230493
          172.600000  98.271675 -52.221868  -2.239349
          172.700000  98.411449 -52.207983  -2.220707
          172.800000  98.552493 -52.185053  -2.209474
          172.900000  98.678882 -52.167428  -2.240397
          173.000000  98.826323 -52.148644  -2.263344
          173.100000  98.966307 -52.141402  -2.264426
          173.200000  99.103881 -52.127433  -2.267305
          173.300000  99.243666 -52.128681  -2.280040
          173.400000  99.372854 -52.099865  -2.301730
          173.500000  99.523136 -52.082927  -2.307722
          173.600000  99.668541 -52.069441  -2.318713
          173.700000  99.811807 -52.049994  -2.320961
          173.800000  99.958202 -52.016649  -2.327296
          173.900000 100.107874 -51.987950  -2.355813
          174.000000 100.246088 -51.963105  -2.372468
          174.100000 100.385162 -51.928091  -2.368839
          174.200000 100.530690 -51.923902  -2.371025
          174.300000 100.666031 -51.917487  -2.386890
          174.400000 100.807453 -51.895570  -2.403795
          174.500000 100.953563 -51.880240  -2.406176
          174.600000 101.094417 -51.848475  -2.407538
          174.700000 101.244389 -51.820905  -2.406877
          174.800000 101.393778 -51.795336  -2.431910
          174.900000 101.529167 -51.766284  -2.453824
          175.000000 101.677980 -51.746157  -2.443518
          175.100000 101.810269 -51.731760  -2.446972
          175.200000 101.961756 -51.726691  -2.451596
          175.300000 102.101201 -51.699198  -2.488224
          175.400000 102.233857 -51.678864  -2.497609
          175.500000 102.380317 -51.658081  -2.487408
          175.600000 102.528456 -51.630580  -2.476929
          175.700000 102.669078 -51.601752  -2.496465
          175.800000 102.816050 -51.578378  -2.513927
          175.900000 102.965253 -51.558495  -2.514987
          176.000000 103.106167 -51.541115  -2.505367
          176.100000 103.243097 -51.530138  -2.512995
          176.200000 103.379868 -51.522084  -2.521202
          176.300000 103.512544 -51.509832  -2.546186
          176.400000 103.665801 -51.503032  -2.547061
          176.500000 103.816128 -51.490685  -2.536388
          176.600000 103.956669 -51.455256  -2.548822
          176.700000 104.083784 -51.422871  -2.576607
          176.800000 104.228645 -51.413541  -2.589328
          176.900000 104.364865 -51.409938  -2.588470
          177.000000 104.498889 -51.419923  -2.582570
          177.100000 104.645790 -51.414752  -2.590381
          177.200000 104.784007 -51.405310  -2.609474
          177.300000 104.938511 -51.392621  -2.611845
          177.400000 105.088612 -51.371906  -2.605806
          177.500000 105.228839 -51.334919  -2.612794
          177.600000 105.374322 -51.310019  -2.642429
          177.700000 105.523034 -51.292416  -2.662025
          177.800000 105.671833 -51.283199  -2.668376
          177.900000 105.820574 -51.269541  -2.659955
          178.000000 105.970783 -51.258685  -2.674969
          178.100000 106.116277 -51.247405  -2.685171
          178.200000 106.258996 -51.226878  -2.693836
          178.300000 106.409290 -51.195952  -2.693973
          178.400000 106.543657 -51.148510  -2.687236
          178.500000 106.681509 -51.120132  -2.699059
          178.600000 106.816613 -51.090296  -2.719302
          178.700000 106.948755 -51.061187  -2.715386
          178.800000 107.098436 -51.045471  -2.712633
          178.900000 107.228784 -51.030363  -2.715989
          179.000000 107.369798 -51.018333  -2.753543
          179.100000 107.510861 -50.999346  -2.763347
          179.200000 107.653087 -50.969997  -2.760544
          179.300000 107.799617 -50.946049  -2.763628
          179.400000 107.929817 -50.891744  -2.785365
          179.500000 108.064101 -50.854928  -2.819419
          179.600000 108.203550 -50.853457  -2.824343
          179.700000 108.328906 -50.826972  -2.807174
          179.800000 108.462911 -50.808948  -2.807770
          179.900000 108.597535 -50.797578  -2.834393
          180.000000 108.737675 -50.774129  -2.850005
          180.100000 108.885847 -50.762884  -2.841010
          180.200000 109.035288 -50.744452  -2.837269
          180.300000 109.172699 -50.721349  -2.844720
          180.400000 109.315524 -50.690538  -2.875996
          180.500000 109.453352 -50.674626  -2.882944
          180.600000 109.607928 -50.670142  -2.874968
          180.700000 109.758839 -50.664928  -2.873710
          180.800000 109.907142 -50.657698  -2.907318
          180.900000 110.046527 -50.646153  -2.934683
          181.000000 110.198173 -50.630274  -2.926668
          181.100000 110.345687 -50.621266  -2.924747
          181.200000 110.478530 -50.600954  -2.936149
          181.300000 110.627681 -50.584391  -2.960404
          181.400000 110.782129 -50.571693  -2.974944
          181.500000 110.926879 -50.551288  -2.972883
          181.600000 111.075624 -50.553838  -2.968961
          181.700000 111.220187 -50.563387  -2.993841
          181.800000 111.350293 -50.568839  -3.018401
          181.900000 111.501934 -50.566898  -3.022925
          182.000000 111.652221 -50.563175  -3.020944
          182.100000 111.788027 -50.564618  -3.028893
          182.200000 111.934625 -50.557694  -3.057217
          182.300000 112.083125 -50.554503  -3.071209
          182.400000 112.231565 -50.549049  -3.074810
          182.500000 112.386003 -50.545140  -3.072656
          182.600000 112.526248 -50.555365  -3.086547
          182.700000 112.668040 -50.546659  -3.124681
          182.800000 112.820031 -50.540900  -3.121817
          182.900000 112.959458 -50.524580  -3.114280
          183.000000 113.109565 -50.507865  -3.122109
          183.100000 113.247598 -50.498539  -3.145040
          183.200000 113.395143 -50.474264  -3.167270
          183.300000 113.547289 -50.462782  -3.159003
          183.400000 113.694495 -50.459010  -3.157429
          183.500000 113.844846 -50.451764  -3.173294
          183.600000 113.986028 -50.439433  -3.206800
          183.700000 114.123230 -50.421563  -3.198461
          183.800000 114.265064 -50.401842  -3.187475
          183.900000 114.409125 -50.370924  -3.179051
          184.000000 114.552444 -50.333911  -3.207583
          184.100000 114.691179 -50.290318  -3.225994
          184.200000 114.832560 -50.265287  -3.223804
          184.300000 114.985793 -50.248120  -3.204651
          184.400000 115.135873 -50.237886  -3.216397
          184.500000 115.278193 -50.211992  -3.259377
          184.600000 115.433676 -50.196453  -3.277055
          184.700000 115.587771 -50.173734  -3.264780
          184.800000 115.736341 -50.143388  -3.263045
          184.900000 115.879703 -50.113536  -3.294036
          185.000000 116.018564 -50.080999  -3.312805
          185.100000 116.172022 -50.067754  -3.311035
          185.200000 116.328753 -50.067752  -3.308275
          185.300000 116.483279 -50.074005  -3.317999
          185.400000 116.620837 -50.060618  -3.352096
          185.500000 116.777947 -50.046327  -3.360660
          185.600000 116.920890 -50.017362  -3.353743
          185.700000 117.071357 -49.982624  -3.362373
          185.800000 117.212317 -49.944829  -3.396616
          185.900000 117.346772 -49.914155  -3.407452
          186.000000 117.498950 -49.908335  -3.394326
          186.100000 117.639066 -49.927882  -3.395206
          186.200000 117.778764 -49.920395  -3.418257
          186.300000 117.922159 -49.907848  -3.454838
          186.400000 118.080972 -49.886444  -3.454687
          186.500000 118.225936 -49.866184  -3.452176
          186.600000 118.381343 -49.829170  -3.455861
          186.700000 118.526044 -49.785487  -3.492733
          186.800000 118.668239 -49.756063  -3.512904
          186.900000 118.818054 -49.742644  -3.511106
          187.000000 118.962945 -49.737697  -3.499321
          187.100000 119.113916 -49.726631  -3.521478
          187.200000 119.252501 -49.711478  -3.554077
          187.300000 119.387556 -49.687619  -3.559519
          187.400000 119.543480 -49.656507  -3.547568
          187.500000 119.682260 -49.636923  -3.552401
          187.600000 119.824961 -49.581602  -3.606317
          187.700000 119.967765 -49.548045  -3.631100
          187.800000 120.118345 -49.520677  -3.623064
          187.900000 120.262602 -49.503113  -3.615814
          188.000000 120.404146 -49.479813  -3.632458
          188.100000 120.545105 -49.447547  -3.671821
          188.200000 120.696276 -49.403741  -3.685773
          188.300000 120.834084 -49.369876  -3.687620
          188.400000 120.985541 -49.312867  -3.707827
          188.500000 121.125467 -49.252146  -3.743104
          188.600000 121.274066 -49.187781  -3.773952
          188.700000 121.412679 -49.152696  -3.776330
          188.800000 121.561247 -49.104828  -3.777307
          188.900000 121.711774 -49.058538  -3.791625
          189.000000 121.852843 -49.014894  -3.832872
          189.100000 121.969306 -49.005879  -3.905797
          189.200000 122.119890 -48.942190  -3.899283
          189.300000 122.262721 -48.876458  -3.906144
          189.400000 122.396780 -48.818479  -3.945802
          189.500000 122.536509 -48.770563  -3.970675
          189.600000 122.675252 -48.742490  -3.975961
          189.700000 122.817569 -48.692514  -3.955392
          189.800000 122.954940 -48.641937  -3.968643
          189.900000 123.078790 -48.581755  -4.002793
          190.000000 123.204810 -48.529919  -4.016251
          190.100000 123.339480 -48.459620  -4.012452
          190.200000 123.474833 -48.377947  -4.024451
          190.300000 123.589531 -48.288308  -4.045381
          190.400000 123.702584 -48.211108  -4.067599
          190.500000 123.832618 -48.137691  -4.076601
          190.600000 123.952042 -48.045683  -4.054935
          190.700000 124.074982 -47.954534  -4.068646
          190.800000 124.194892 -47.857796  -4.096806
          190.900000 124.300063 -47.739456  -4.106915
          191.000000 124.394409 -47.615185  -4.100834
          191.100000 124.482947 -47.471776  -4.095170
          191.200000 124.579441 -47.354634  -4.123084
          191.300000 124.663165 -47.229810  -4.139825
          191.400000 124.753831 -47.112659  -4.132480
          191.500000 124.846894 -46.990152  -4.116890
          191.600000 124.933268 -46.850241  -4.135135
          191.700000 124.996773 -46.718065  -4.167466
          191.800000 125.063044 -46.594893  -4.169528
          191.900000 125.114591 -46.445910  -4.148385
          192.000000 125.168059 -46.294536  -4.134805
          192.100000 125.191966 -46.185492  -4.172750
          192.200000 125.242246 -46.038546  -4.180389
          192.300000 125.301463 -45.889253  -4.161354
          192.400000 125.376691 -45.743429  -4.144902
          192.500000 125.433579 -45.613129  -4.154656
          192.600000 125.491232 -45.465000  -4.175304
          192.700000 125.531789 -45.321416  -4.158558
          192.800000 125.566913 -45.175648  -4.150360
          192.900000 125.595972 -45.019654  -4.141910
          193.000000 125.622254 -44.868228  -4.166456
          193.100000 125.662060 -44.713247  -4.158914
          193.200000 125.700160 -44.559788  -4.144480
          193.300000 125.742212 -44.412972  -4.131967
          193.400000 125.771148 -44.261509  -4.139051
          193.500000 125.793741 -44.099129  -4.164819
          193.600000 125.809927 -43.942921  -4.144274
          193.700000 125.817450 -43.789168  -4.118384
          193.800000 125.807629 -43.643378  -4.109154
          193.900000 125.792950 -43.482418  -4.114515
          194.000000 125.805079 -43.339331  -4.079192
          194.100000 125.805911 -43.206205  -4.049220
          194.200000 125.822957 -43.053386  -4.022133
          194.300000 125.832025 -42.910827  -4.030083
          194.400000 125.827976 -42.763796  -4.042222
          194.500000 125.832360 -42.618379  -4.027236
          194.600000 125.827291 -42.459562  -4.007752
          194.700000 125.815933 -42.296906  -4.008491
          194.800000 125.794227 -42.153574  -4.035048
          194.900000 125.795866 -42.003100  -4.019954
          195.000000 125.801275 -41.847178  -3.999208
          195.100000 125.804803 -41.694222  -4.010414
          195.200000 125.816556 -41.548499  -4.021545
          195.300000 125.817580 -41.391725  -4.030776
          195.400000 125.820918 -41.234523  -4.019062
          195.500000 125.820265 -41.089530  -3.992173
          195.600000 125.795808 -40.928681  -3.982589
          195.700000 125.781640 -40.776816  -4.006785
          195.800000 125.787377 -40.631462  -3.991044
          195.900000 125.797127 -40.480013  -3.959588
          196.000000 125.819927 -40.335890  -3.939990
          196.100000 125.836348 -40.187040  -3.950926
          196.200000 125.858261 -40.047118  -3.971550
          196.300000 125.872092 -39.905295  -3.950217
          196.400000 125.875212 -39.754661  -3.930230
          196.500000 125.886145 -39.597019  -3.919488
          196.600000 125.892603 -39.450917  -3.949680
          196.700000 125.907839 -39.301707  -3.942893
          196.800000 125.940155 -39.148235  -3.929595
          196.900000 125.987755 -38.994938  -3.939436
          197.000000 126.017827 -38.845682  -3.970533
          197.100000 126.057846 -38.688561  -4.012978
          197.200000 126.098806 -38.544316  -4.031518
          197.300000 126.118808 -38.386554  -4.007690
          197.400000 126.133816 -38.219677  -3.995961
          197.500000 126.145334 -38.048969  -4.023003
          197.600000 126.154163 -37.900441  -4.029640
          197.700000 126.153869 -37.741657  -4.007870
          197.800000 126.190448 -37.573570  -3.979121
          197.900000 126.211058 -37.419455  -3.984531
          198.000000 126.218481 -37.265628  -4.008082
          198.100000 126.237127 -37.100769  -3.989762
          198.200000 126.232983 -36.948282  -3.963203
          198.300000 126.235703 -36.807280  -3.976641
          198.400000 126.221538 -36.647097  -3.999211
          198.500000 126.230600 -36.481361  -3.993555
          198.600000 126.241112 -36.325665  -3.965196
          198.700000 126.267956 -36.170094  -3.958244
          198.800000 126.280467 -36.018665  -3.979554
          198.900000 126.276285 -35.841955  -4.005870
          199.000000 126.267370 -35.669714  -3.998093
          199.100000 126.258505 -35.530712  -3.982517
          199.200000 126.234349 -35.363620  -3.967165
          199.300000 126.202608 -35.203340  -3.988688
          199.400000 126.184403 -35.039789  -3.982664
          199.500000 126.185113 -34.880626  -3.953218
          199.600000 126.195788 -34.726189  -3.937577
          199.700000 126.194053 -34.566195  -3.962403
          199.800000 126.180891 -34.405444  -3.962104
          199.900000 126.164764 -34.240828  -3.924369
          200.000000 126.140918 -34.103687  -3.909567
          200.100000 126.112402 -33.956619  -3.903087
          200.200000 126.090187 -33.801994  -3.908359
          200.300000 126.079218 -33.634031  -3.897025
          200.400000 126.082103 -33.479013  -3.868291
          200.500000 126.101417 -33.308078  -3.861766
          200.600000 126.105244 -33.159817  -3.882120
          200.700000 126.103023 -32.997289  -3.877216
          200.800000 126.093125 -32.843738  -3.841568
          200.900000 126.083684 -32.697216  -3.824966
          201.000000 126.057050 -32.527473  -3.853681
          201.100000 126.026769 -32.360467  -3.901683
          201.200000 126.019442 -32.206781  -3.863406
          201.300000 126.034948 -32.050950  -3.843951
          201.400000 126.043555 -31.892922  -3.832580
          201.500000 126.044547 -31.740434  -3.857473
          201.600000 126.047133 -31.586649  -3.840369
          201.700000 126.041971 -31.427099  -3.816708
          201.800000 126.032988 -31.286703  -3.785469
          201.900000 126.020477 -31.143612  -3.779679
          202.000000 126.009520 -31.002770  -3.768643
          202.100000 126.017168 -30.851163  -3.740285
          202.200000 126.041777 -30.703825  -3.709195
          202.300000 126.067249 -30.560848  -3.696233
          202.400000 126.077078 -30.420216  -3.691825
          202.500000 126.074748 -30.289446  -3.684782
          202.600000 126.070882 -30.174212  -3.651453
          202.700000 126.058868 -30.042098  -3.633479
          202.800000 126.043334 -29.905994  -3.628073
          202.900000 126.026098 -29.771491  -3.620476
          203.000000 126.021381 -29.637806  -3.601145
          203.100000 126.016678 -29.507053  -3.572882
          203.200000 126.013718 -29.362598  -3.560851
          203.300000 126.020149 -29.231063  -3.557886
          203.400000 126.017325 -29.090374  -3.565731
          203.500000 125.998211 -28.956414  -3.542684
          203.600000 125.974185 -28.810477  -3.519636
          203.700000 125.958017 -28.672584  -3.506633
          203.800000 125.940762 -28.530074  -3.513307
          203.900000 125.921664 -28.394145  -3.513928
          204.000000 125.926632 -28.257038  -3.488775
          204.100000 125.933552 -28.144219  -3.384840
          204.200000 125.942978 -27.998917  -3.395939
          204.300000 125.941363 -27.858364  -3.409866
          204.400000 125.933552 -27.725698  -3.392910
          204.500000 125.922748 -27.587142  -3.363814
          204.600000 125.896483 -27.446880  -3.356301
          204.700000 125.882801 -27.307894  -3.360461
          204.800000 125.860524 -27.172656  -3.376738
          204.900000 125.872523 -27.030472  -3.359937
          205.000000 125.881587 -26.903132  -3.351205
          205.100000 125.906256 -26.766709  -3.335388
          205.200000 125.929435 -26.632552  -3.342105
          205.300000 125.948463 -26.488644  -3.354012
          205.400000 125.962683 -26.350160  -3.336368
          205.500000 125.964259 -26.214332  -3.322713
          205.600000 125.968766 -26.080241  -3.330207
          205.700000 125.972325 -25.947896  -3.347053
          205.800000 125.964022 -25.816737  -3.334845
          205.900000 125.988448 -25.683834  -3.307776
          206.000000 126.023969 -25.552126  -3.295756
          206.100000 126.068292 -25.408931  -3.324549
          206.200000 126.089644 -25.264465  -3.337402
          206.300000 126.113581 -25.120725  -3.324957
          206.400000 126.138868 -24.982745  -3.316333
          206.500000 126.163549 -24.848787  -3.297728
          206.600000 126.175415 -24.704780  -3.311289
          206.700000 126.182831 -24.564337  -3.319992
          206.800000 126.203161 -24.435971  -3.305317
          206.900000 126.223060 -24.304648  -3.289201
          207.000000 126.249631 -24.176249  -3.284616
          207.100000 126.268264 -24.050787  -3.240343
          207.200000 126.297300 -23.916252  -3.232465
          207.300000 126.333930 -23.783936  -3.225918
          207.400000 126.338456 -23.649355  -3.213484
          207.500000 126.352493 -23.502565  -3.217113
          207.600000 126.372393 -23.365579  -3.234250
          207.700000 126.396958 -23.224263  -3.223367
          207.800000 126.434545 -23.087495  -3.201249
          207.900000 126.473600 -22.941548  -3.202817
          208.000000 126.499682 -22.801981  -3.207635
          208.100000 126.524258 -22.653766  -3.209442
          208.200000 126.550822 -22.517416  -3.195806
          208.300000 126.563435 -22.366641  -3.172936
          208.400000 126.563446 -22.230559  -3.165191
          208.500000 126.572614 -22.085155  -3.181940
          208.600000 126.580591 -21.951499  -3.174567
          208.700000 126.603623 -21.810203  -3.155898
          208.800000 126.628248 -21.669409  -3.138928
          208.900000 126.652227 -21.532490  -3.144043
          209.000000 126.664049 -21.393410  -3.150922
          209.100000 126.681286 -21.265623  -3.142401
          209.200000 126.686622 -21.127688  -3.117987
          209.300000 126.673967 -20.994193  -3.089301
          209.400000 126.661753 -20.855536  -3.090524
          209.500000 126.649294 -20.713433  -3.104196
          209.600000 126.644373 -20.574589  -3.092744
          209.700000 126.647269 -20.426073  -3.068793
          209.800000 126.657498 -20.274958  -3.064769
          209.900000 126.668485 -20.125770  -3.083763
          210.000000 126.665828 -19.987384  -3.087609
          210.100000 126.660689 -19.855938  -2.995487
          210.200000 126.664978 -19.703333  -2.979994
          210.300000 126.645793 -19.559092  -2.977043
          210.400000 126.630565 -19.416320  -2.997096
          210.500000 126.615684 -19.281354  -2.986899
          210.600000 126.609025 -19.141694  -2.962469
          210.700000 126.609917 -19.004516  -2.951809
          210.800000 126.610728 -18.861259  -2.957826
          210.900000 126.591157 -18.713186  -2.972228
          211.000000 126.599071 -18.577368  -2.961521
          211.100000 126.596627 -18.430071  -2.944693
          211.200000 126.584649 -18.277941  -2.936776
          211.300000 126.571508 -18.137476  -2.963302
          211.400000 126.562025 -17.994567  -2.959417
          211.500000 126.558270 -17.841705  -2.932437
          211.600000 126.551722 -17.702214  -2.915448
          211.700000 126.552268 -17.563149  -2.920678
          211.800000 126.541451 -17.422620  -2.928447
          211.900000 126.530680 -17.292835  -2.919663
          212.000000 126.515289 -17.146251  -2.897564
          212.100000 126.487299 -17.013422  -2.883492
          212.200000 126.451894 -16.873018  -2.896338
          212.300000 126.433038 -16.736704  -2.907368
          212.400000 126.411423 -16.602811  -2.894043
          212.500000 126.406405 -16.450545  -2.873754
          212.600000 126.393408 -16.308709  -2.873377
          212.700000 126.387953 -16.165175  -2.892448
          212.800000 126.382279 -16.035383  -2.891688
          212.900000 126.373627 -15.894053  -2.860949
          213.000000 126.346336 -15.749492  -2.847397
          213.100000 126.312169 -15.616365  -2.798148
          213.200000 126.290125 -15.472315  -2.807991
          213.300000 126.278149 -15.331734  -2.791137
          213.400000 126.268257 -15.195396  -2.762413
          213.500000 126.259234 -15.049336  -2.748189
          213.600000 126.259199 -14.908963  -2.749692
          213.700000 126.238280 -14.767751  -2.748056
          213.800000 126.221674 -14.619427  -2.736126
          213.900000 126.203556 -14.469343  -2.715801
          214.000000 126.162865 -14.332995  -2.711052
          214.100000 126.135689 -14.180024  -2.726225
          214.200000 126.104413 -14.020797  -2.742367
          214.300000 126.082578 -13.870264  -2.730622
          214.400000 126.069699 -13.730378  -2.720775
          214.500000 126.051198 -13.578424  -2.721975
          214.600000 126.038668 -13.428714  -2.740255
          214.700000 126.011031 -13.285562  -2.726466
          214.800000 125.979188 -13.131879  -2.706060
          214.900000 125.943493 -12.983001  -2.709273
          215.000000 125.904494 -12.832777  -2.708949
          215.100000 125.866797 -12.684987  -2.720587
          215.200000 125.831949 -12.542999  -2.706908
          215.300000 125.810915 -12.398852  -2.687362
          215.400000 125.788693 -12.255918  -2.678401
          215.500000 125.769744 -12.114470  -2.686291
          215.600000 125.744753 -11.963111  -2.678566
          215.700000 125.723320 -11.816661  -2.661443
          215.800000 125.685519 -11.671139  -2.639898
          215.900000 125.652827 -11.522476  -2.641518
          216.000000 125.624556 -11.380807  -2.645638
          216.100000 125.597992 -11.241861  -2.620594
          216.200000 125.585130 -11.112796  -2.603177
          216.300000 125.574274 -10.957817  -2.595497
          216.400000 125.556249 -10.809220  -2.605158
          216.500000 125.543046 -10.658229  -2.607950
          216.600000 125.523209 -10.512451  -2.597450
          216.700000 125.504774 -10.355740  -2.578966
          216.800000 125.479639 -10.216589  -2.575526
          216.900000 125.461885 -10.071707  -2.584762
          217.000000 125.441850  -9.920372  -2.577815
          217.100000 125.436084  -9.777420  -2.565019
          217.200000 125.431266  -9.633913  -2.552926
          217.300000 125.440624  -9.493589  -2.550448
          217.400000 125.440662  -9.352084  -2.552395
          217.500000 125.449486  -9.207060  -2.538517
          217.600000 125.440594  -9.070472  -2.520932
          217.700000 125.426454  -8.923702  -2.507817
          217.800000 125.415172  -8.773296  -2.517767
          217.900000 125.409576  -8.631060  -2.522375
          218.000000 125.415404  -8.499516  -2.508983
          218.100000 125.421989  -8.349773  -2.500011
          218.200000 125.440029  -8.200364  -2.495227
          218.300000 125.450057  -8.059995  -2.509855
          218.400000 125.459258  -7.919249  -2.503238
          218.500000 125.464730  -7.777674  -2.493825
          218.600000 125.473671  -7.623379  -2.484927
          218.700000 125.471641  -7.474533  -2.488445
          218.800000 125.467964  -7.329107  -2.502695
          218.900000 125.468702  -7.173440  -2.511499
          219.000000 125.463422  -7.023108  -2.495894
          219.100000 125.473507  -6.875825  -2.463805
          219.200000 125.473291  -6.727926  -2.461960
          219.300000 125.470235  -6.593160  -2.469726
          219.400000 125.463050  -6.451595  -2.459605
          219.500000 125.441678  -6.314897  -2.438337
          219.600000 125.420173  -6.179560  -2.426933
          219.700000 125.389274  -6.042581  -2.438264
          219.800000 125.361538  -5.901186  -2.431872
          219.900000 125.351108  -5.766361  -2.406687
          220.000000 125.334594  -5.642781  -2.391601
          220.100000 125.324607  -5.515021  -2.374163
          220.200000 125.303509  -5.372904  -2.378148
          220.300000 125.279602  -5.229595  -2.372556
          220.400000 125.249877  -5.083145  -2.352523
          220.500000 125.214200  -4.947208  -2.333199
          220.600000 125.167249  -4.803085  -2.324648
          220.700000 125.122097  -4.662804  -2.335334
          220.800000 125.078931  -4.518925  -2.337721
          220.900000 125.042498  -4.384640  -2.315651
          221.000000 125.000078  -4.241068  -2.307244
          221.100000 124.959801  -4.106408  -2.299241
          221.200000 124.931654  -3.962878  -2.306470
          221.300000 124.869139  -3.828773  -2.294068
          221.400000 124.819004  -3.694155  -2.270175
          221.500000 124.759254  -3.560712  -2.253491
          221.600000 124.690183  -3.433277  -2.272538
          221.700000 124.620310  -3.296489  -2.279246
          221.800000 124.557858  -3.149026  -2.258105
          221.900000 124.519467  -3.006363  -2.243599
          222.000000 124.476736  -2.859439  -2.237369
          222.100000 124.424628  -2.731937  -2.230485
          222.200000 124.366866  -2.594044  -2.224644
          222.300000 124.302115  -2.456425  -2.212752
          222.400000 124.229554  -2.320805  -2.206157
          222.500000 124.162225  -2.187107  -2.218357
          222.600000 124.092093  -2.051232  -2.214976
          222.700000 124.023785  -1.911671  -2.177067
          222.800000 123.974431  -1.774263  -2.135353
          222.900000 123.936407  -1.638641  -2.103003
          223.000000 123.890950  -1.497774  -2.084696
          223.100000 123.851465  -1.370317  -2.093703
          223.200000 123.821043  -1.258724  -2.088468
          223.300000 123.788383  -1.158128  -2.057072
          223.400000 123.744966  -1.037703  -2.029651
          223.500000 123.707288  -0.900951  -2.028103
          223.600000 123.666492  -0.751189  -2.039690
          223.700000 123.632568  -0.610053  -2.022534
          223.800000 123.629621  -0.454464  -1.988115
          223.900000 123.630113  -0.302193  -1.989056
          224.000000 123.632242  -0.150337  -2.007840
          224.100000 123.625375  -0.009302  -2.000287
          224.200000 123.629488   0.117981  -1.978252
          224.300000 123.623470   0.258758  -1.957028
          224.400000 123.606156   0.405248  -1.953871
          224.500000 123.591040   0.549147  -1.972928
          224.600000 123.575507   0.695480  -1.944527
          224.700000 123.578543   0.837686  -1.919679
          224.800000 123.574746   0.988480  -1.907327
          224.900000 123.571645   1.147693  -1.915477
          225.000000 123.559243   1.294431  -1.928557
          225.100000 123.544266   1.424021  -1.915272
          225.200000 123.522609   1.572117  -1.886549
          225.300000 123.492806   1.732484  -1.880929
          225.400000 123.456450   1.878718  -1.886859
          225.500000 123.420369   2.023528  -1.883904
          225.600000 123.396779   2.163804  -1.857165
          225.700000 123.385442   2.313531  -1.839215
          225.800000 123.379668   2.460753  -1.834787
          225.900000 123.368005   2.598588  -1.837908
          226.000000 123.359525   2.734927  -1.826314
          226.100000 123.331904   2.870818  -1.796735
          226.200000 123.299800   3.015659  -1.777341
          226.300000 123.253301   3.155339  -1.792190
          226.400000 123.212538   3.288361  -1.799618
          226.500000 123.177574   3.433495  -1.778070
          226.600000 123.151071   3.583994  -1.764534
          226.700000 123.130597   3.728800  -1.770112
          226.800000 123.106899   3.878665  -1.787429
          226.900000 123.087058   4.020461  -1.786818
          227.000000 123.069255   4.161217  -1.762110
          227.100000 123.034153   4.300252  -1.743883
          227.200000 122.993167   4.425978  -1.750705
          227.300000 122.956330   4.564836  -1.765827
          227.400000 122.924017   4.716061  -1.754518
          227.500000 122.916122   4.856098  -1.718528
          227.600000 122.901799   4.980071  -1.722519
          227.700000 122.893463   5.118594  -1.735548
          227.800000 122.885042   5.260307  -1.736074
          227.900000 122.882313   5.394574  -1.714667
          228.000000 122.858379   5.531366  -1.692138
          228.100000 122.832224   5.673506  -1.693787
          228.200000 122.799100   5.821115  -1.713358
          228.300000 122.784737   5.960316  -1.700240
          228.400000 122.779463   6.116185  -1.671813
          228.500000 122.763428   6.249051  -1.662799
          228.600000 122.753435   6.396177  -1.671168
          228.700000 122.743698   6.535358  -1.688534
          228.800000 122.742568   6.683490  -1.667794
          228.900000 122.742639   6.828366  -1.652740
          229.000000 122.715795   6.962323  -1.639257
          229.100000 122.690530   7.108478  -1.653085
          229.200000 122.675283   7.250497  -1.656776
          229.300000 122.669424   7.404983  -1.621912
          229.400000 122.657460   7.549841  -1.599428
          229.500000 122.658253   7.701404  -1.600196
          229.600000 122.665916   7.837508  -1.620895
          229.700000 122.659423   7.970657  -1.606376
          229.800000 122.646767   8.124840  -1.580706
          229.900000 122.635281   8.265419  -1.565577
          230.000000 122.623566   8.402013  -1.569843
          230.100000 122.608405   8.550796  -1.584966
          230.200000 122.603863   8.708176  -1.568333
          230.300000 122.610680   8.860853  -1.546234
          230.400000 122.621657   9.026516  -1.547636
          230.500000 122.615266   9.183627  -1.562729
          230.600000 122.613287   9.346570  -1.563464
          230.700000 122.608442   9.509196  -1.546115
          230.800000 122.589148   9.666967  -1.536713
          230.900000 122.571211   9.814623  -1.549088
          231.000000 122.544468   9.961076  -1.563609
          231.100000 122.519537  10.117956  -1.541161
          231.200000 122.514363  10.276402  -1.518267
          231.300000 122.515788  10.431189  -1.515526
          231.400000 122.507210  10.591367  -1.537172
          231.500000 122.485683  10.736181  -1.530495
          231.600000 122.464197  10.898482  -1.503411
          231.700000 122.443992  11.047364  -1.488186
          231.800000 122.404846  11.197249  -1.495882
          231.900000 122.377071  11.342393  -1.504906
          232.000000 122.348444  11.513608  -1.491643
          232.100000 122.334955  11.669314  -1.465811
          232.200000 122.328751  11.823352  -1.457787
          232.300000 122.316412  11.968737  -1.473090
          232.400000 122.291497  12.136245  -1.475279
          232.500000 122.272230  12.308055  -1.465476
          232.600000 122.239946  12.469887  -1.448598
          232.700000 122.208688  12.630319  -1.464908
          232.800000 122.176810  12.782912  -1.465735
          232.900000 122.161469  12.940866  -1.454676
          233.000000 122.152701  13.092206  -1.425224
          233.100000 122.142400  13.236538  -1.411240
          233.200000 122.137333  13.372654  -1.417764
          233.300000 122.125680  13.519830  -1.423533
          233.400000 122.110076  13.674287  -1.399658
          233.500000 122.101302  13.824262  -1.379130
          233.600000 122.075643  13.963717  -1.366696
          233.700000 122.067080  14.122769  -1.385577
          233.800000 122.058879  14.273502  -1.369770
          233.900000 122.072646  14.417474  -1.361042
          234.000000 122.072917  14.585384  -1.341725
          234.100000 122.078764  14.735926  -1.351454
          234.200000 122.082681  14.899209  -1.357414
          234.300000 122.101019  15.047887  -1.348831
          234.400000 122.109755  15.200709  -1.321057
          234.500000 122.105763  15.347891  -1.306412
          234.600000 122.108594  15.491867  -1.314548
          234.700000 122.112560  15.634872  -1.310384
          234.800000 122.130276  15.773085  -1.279440
          234.900000 122.159786  15.908115  -1.257913
          235.000000 122.184984  16.052467  -1.265420
          235.100000 122.195511  16.204804  -1.279840
          235.200000 122.206915  16.357665  -1.275889
          235.300000 122.205997  16.508316  -1.263126
          235.400000 122.208991  16.667330  -1.269762
          235.500000 122.204881  16.819356  -1.287969
          235.600000 122.194946  16.988030  -1.302407
          235.700000 122.189433  17.148191  -1.286790
          235.800000 122.188831  17.284390  -1.266768
          235.900000 122.194452  17.440425  -1.263955
          236.000000 122.194120  17.579401  -1.267687
          236.100000 122.193716  17.736942  -1.270113
          236.200000 122.193338  17.906968  -1.250130
          236.300000 122.173928  18.072471  -1.232715
          236.400000 122.150171  18.231897  -1.240943
          236.500000 122.139843  18.393719  -1.245074
          236.600000 122.116805  18.546402  -1.225183
          236.700000 122.106932  18.708608  -1.213451
          236.800000 122.104547  18.866697  -1.217285
          236.900000 122.100299  19.023180  -1.231011
          237.000000 122.091301  19.179177  -1.234868
          237.100000 122.082339  19.336300  -1.215292
          237.200000 122.071319  19.498616  -1.204102
          237.300000 122.056100  19.660187  -1.194931
          237.400000 122.041105  19.822996  -1.218964
          237.500000 122.033282  19.990404  -1.208706
          237.600000 122.023365  20.146309  -1.189215
          237.700000 122.021774  20.299212  -1.177390
          237.800000 122.018504  20.446350  -1.179672
          237.900000 122.020319  20.599282  -1.178870
          238.000000 122.001166  20.749284  -1.167406
          238.100000 121.996254  20.910225  -1.153188
          238.200000 121.988564  21.070752  -1.140011
          238.300000 121.982037  21.222917  -1.149896
          238.400000 121.980403  21.377281  -1.143071
          238.500000 121.983404  21.533876  -1.126762
          238.600000 121.986401  21.680775  -1.115677
          238.700000 121.988733  21.825331  -1.109251
          238.800000 121.975803  21.966971  -1.110890
          238.900000 121.963231  22.109402  -1.090412
          239.000000 121.940396  22.262641  -1.055887
          239.100000 121.909456  22.407451  -1.056118
          239.200000 121.881541  22.552683  -1.063616
          239.300000 121.851219  22.706977  -1.075005
          239.400000 121.842302  22.858287  -1.060039
          239.500000 121.846542  23.014540  -1.039049
          239.600000 121.841325  23.153623  -1.035942
          239.700000 121.836263  23.305762  -1.035402
          239.800000 121.831868  23.456421  -1.027319
          239.900000 121.807228  23.604040  -1.014076
          240.000000 121.787754  23.755462  -1.006665
          240.100000 121.767296  23.894352  -1.018249
          240.200000 121.743880  24.043720  -1.024897
          240.300000 121.724448  24.184397  -0.998680
          240.400000 121.708085  24.318199  -0.974224
          240.500000 121.711451  24.458121  -0.975744
          240.600000 121.718983  24.588844  -0.997029
          240.700000 121.738604  24.721863  -0.991444
          240.800000 121.760876  24.873815  -0.958079
          240.900000 121.787766  25.025509  -0.946047
          241.000000 121.797311  25.175400  -0.956471
          241.100000 121.812904  25.322986  -0.981950
          241.200000 121.823251  25.475895  -0.972946
          241.300000 121.836046  25.630432  -0.956091
          241.400000 121.856711  25.784284  -0.948067
          241.500000 121.870056  25.937469  -0.968308
          241.600000 121.867912  26.091675  -0.984598
          241.700000 121.869327  26.253630  -0.963457
          241.800000 121.871659  26.415034  -0.950679
          241.900000 121.866246  26.562449  -0.953442
          242.000000 121.856796  26.702167  -0.976489
          242.100000 121.855363  26.851551  -0.965154
          242.200000 121.846140  26.993040  -0.943706
          242.300000 121.844524  27.133689  -0.929649
          242.400000 121.848084  27.270995  -0.938521
          242.500000 121.836661  27.405845  -0.942291
          242.600000 121.827165  27.559565  -0.927384
          242.700000 121.817129  27.695032  -0.895004
          242.800000 121.795608  27.839825  -0.886919
          242.900000 121.765900  27.993799  -0.920821
          243.000000 121.738332  28.142670  -0.912883
          243.100000 121.721133  28.284935  -0.897096
          243.200000 121.707519  28.441070  -0.875960
          243.300000 121.692416  28.571192  -0.886413
          243.400000 121.673892  28.715999  -0.901429
          243.500000 121.648950  28.858346  -0.881939
          243.600000 121.623311  29.002084  -0.855671
          243.700000 121.594517  29.129002  -0.856773
          243.800000 121.557990  29.268916  -0.867504
          243.900000 121.526153  29.405627  -0.865206
          244.000000 121.506319  29.538139  -0.849887
          244.100000 121.499609  29.686441  -0.821807
          244.200000 121.498154  29.832544  -0.822927
          244.300000 121.505319  29.982108  -0.845548
          244.400000 121.503960  30.140038  -0.833552
          244.500000 121.500915  30.278473  -0.810749
          244.600000 121.475499  30.421618  -0.803853
          244.700000 121.439668  30.560896  -0.817263
          244.800000 121.410292  30.705343  -0.832352
          244.900000 121.392155  30.853409  -0.813538
          245.000000 121.388892  30.994589  -0.791689
          245.100000 121.383670  31.148880  -0.785199
          245.200000 121.367417  31.301026  -0.814554
          245.300000 121.348424  31.455239  -0.811874
          245.400000 121.331786  31.595204  -0.785577
          245.500000 121.304396  31.751929  -0.775723
          245.600000 121.257754  31.895140  -0.779016
          245.700000 121.216476  32.032156  -0.795644
          245.800000 121.185652  32.199318  -0.772724
          245.900000 121.175891  32.357493  -0.745201
          246.000000 121.185640  32.514772  -0.734059
          246.100000 121.182238  32.647159  -0.774649
          246.200000 121.182642  32.792877  -0.770193
          246.300000 121.180546  32.935303  -0.736598
          246.400000 121.159925  33.081617  -0.705474
          246.500000 121.127525  33.232907  -0.712960
          246.600000 121.091941  33.381231  -0.730763
          246.700000 121.080824  33.543515  -0.716627
          246.800000 121.085153  33.703173  -0.689407
          246.900000 121.097231  33.855532  -0.679039
          247.000000 121.092837  34.013529  -0.696941
          247.100000 121.095393  34.165431  -0.712815
          247.200000 121.092274  34.307653  -0.697223
          247.300000 121.075036  34.471169  -0.672046
          247.400000 121.052146  34.633027  -0.671744
          247.500000 121.036393  34.779131  -0.703312
          247.600000 121.033464  34.933087  -0.692039
          247.700000 121.036715  35.095169  -0.665752
          247.800000 121.048846  35.236263  -0.647625
          247.900000 121.046132  35.390349  -0.664162
          248.000000 121.041640  35.538158  -0.680579
          248.100000 121.042786  35.685294  -0.660382
          248.200000 121.033903  35.834244  -0.628935
          248.300000 121.025811  35.993724  -0.631397
          248.400000 121.008065  36.133067  -0.659460
          248.500000 120.999941  36.287346  -0.647995
          248.600000 121.007039  36.437297  -0.616188
          248.700000 121.019399  36.581804  -0.602659
          248.800000 121.030282  36.725739  -0.610477
          248.900000 121.032076  36.858488  -0.629284
          249.000000 121.048072  37.002405  -0.609808
          249.100000 121.059104  37.132593  -0.599500
          249.200000 121.043095  37.283342  -0.582385
          249.300000 121.043239  37.433178  -0.599811
          249.400000 121.042927  37.590687  -0.610905
          249.500000 121.056377  37.739711  -0.594532
          249.600000 121.085473  37.902016  -0.580029
          249.700000 121.112094  38.041431  -0.585766
          249.800000 121.139553  38.196066  -0.605945
          249.900000 121.154610  38.341284  -0.609086
          250.000000 121.161723  38.493708  -0.598817
          250.100000 121.153522  38.651329  -0.572954
          250.200000 121.138035  38.790198  -0.580728
          250.300000 121.128071  38.939593  -0.598096
          250.400000 121.127963  39.084563  -0.572767
          250.500000 121.134134  39.233209  -0.551190
          250.600000 121.149634  39.385372  -0.547460
          250.700000 121.161792  39.522060  -0.568140
          250.800000 121.170145  39.663236  -0.554092
          250.900000 121.161188  39.801675  -0.534897
          251.000000 121.162127  39.943449  -0.520053
          251.100000 121.150968  40.085063  -0.540177
          251.200000 121.133625  40.240814  -0.554894
          251.300000 121.119122  40.390568  -0.537004
          251.400000 121.108088  40.550126  -0.524092
          251.500000 121.104331  40.701717  -0.511444
          251.600000 121.087864  40.846733  -0.527874
          251.700000 121.079148  40.993303  -0.529951
          251.800000 121.060213  41.148020  -0.522182
          251.900000 121.029960  41.291985  -0.499617
          252.000000 120.989681  41.445843  -0.486385
          252.100000 120.968890  41.546413  -0.520360
          252.200000 120.947906  41.686290  -0.502134
          252.300000 120.934192  41.828495  -0.474969
          252.400000 120.917825  41.977894  -0.460288
          252.500000 120.907207  42.112167  -0.470342
          252.600000 120.893259  42.258952  -0.471647
          252.700000 120.877275  42.410610  -0.442194
          252.800000 120.837072  42.561389  -0.422673
          252.900000 120.806123  42.706649  -0.424595
          253.000000 120.783399  42.853684  -0.443029
          253.100000 120.764971  43.007827  -0.429850
          253.200000 120.756501  43.160290  -0.406212
          253.300000 120.757922  43.329708  -0.396840
          253.400000 120.755146  43.471848  -0.422229
          253.500000 120.756006  43.617641  -0.432518
          253.600000 120.757802  43.763032  -0.407439
          253.700000 120.742658  43.898446  -0.378894
          253.800000 120.726961  44.038700  -0.377754
          253.900000 120.716673  44.184463  -0.396632
          254.000000 120.710984  44.337315  -0.382566
          254.100000 120.714669  44.485973  -0.354083
          254.200000 120.736641  44.642272  -0.330793
          254.300000 120.755156  44.774701  -0.336456
          254.400000 120.755681  44.916736  -0.359040
          254.500000 120.754780  45.054535  -0.340029
          254.600000 120.749903  45.197613  -0.322722
          254.700000 120.734937  45.340737  -0.305413
          254.800000 120.712086  45.489278  -0.327433
          254.900000 120.695262  45.648735  -0.344216
          255.000000 120.694186  45.804592  -0.328638
          255.100000 120.734631  45.903597  -0.322782
          255.200000 120.747185  46.051432  -0.316575
          255.300000 120.749882  46.207748  -0.340271
          255.400000 120.743279  46.371729  -0.360413
          255.500000 120.742595  46.525743  -0.339121
          255.600000 120.726123  46.666790  -0.306891
          255.700000 120.717909  46.814122  -0.311066
          255.800000 120.696391  46.953131  -0.331036
          255.900000 120.696424  47.103671  -0.308485
          256.000000 120.716119  47.239956  -0.277213
          256.100000 120.744711  47.379096  -0.256316
          256.200000 120.767382  47.530575  -0.275819
          256.300000 120.783884  47.664892  -0.283190
          256.400000 120.795521  47.813409  -0.259986
          256.500000 120.806786  47.955669  -0.233404
          256.600000 120.794197  48.105699  -0.233690
          256.700000 120.785750  48.263267  -0.267653
          256.800000 120.796720  48.406787  -0.259311
          256.900000 120.822452  48.542276  -0.233069
          257.000000 120.862565  48.695244  -0.211857
          257.100000 120.895507  48.831698  -0.227942
          257.200000 120.913368  48.967713  -0.242175
          257.300000 120.928368  49.115809  -0.232618
          257.400000 120.939035  49.244105  -0.208602
          257.500000 120.944161  49.378320  -0.197696
          257.600000 120.934942  49.520820  -0.211896
          257.700000 120.943713  49.650626  -0.214717
          257.800000 120.953242  49.784298  -0.197043
          257.900000 120.982286  49.926503  -0.164701
          258.000000 121.005956  50.067914  -0.171473
          258.100000 121.034692  50.173947  -0.202546
          258.200000 121.043962  50.306920  -0.190306
          258.300000 121.041050  50.443291  -0.178754
          258.400000 121.031668  50.586134  -0.155782
          258.500000 121.022218  50.719929  -0.174691
          258.600000 121.010514  50.861360  -0.188364
          258.700000 121.003153  51.021682  -0.173820
          258.800000 121.001099  51.153167  -0.147268
          258.900000 121.022462  51.293647  -0.153026
          259.000000 121.022376  51.428527  -0.173746
          259.100000 121.029308  51.575043  -0.171441
          259.200000 121.029950  51.718978  -0.153918
          259.300000 121.011910  51.854822  -0.132722
          259.400000 121.003236  51.992222  -0.136134
          259.500000 120.973399  52.128059  -0.159854
          259.600000 120.962309  52.264792  -0.137032
          259.700000 120.965076  52.415997  -0.115830
          259.800000 120.967976  52.561346  -0.109565
          259.900000 120.957588  52.701575  -0.131241
          260.000000 120.936041  52.852792  -0.141815
          260.100000 120.933732  52.989540  -0.123470
          260.200000 120.911478  53.124612  -0.095672
          260.300000 120.880877  53.267068  -0.085853
          260.400000 120.827220  53.408305  -0.112162
          260.500000 120.795991  53.540216  -0.100758
          260.600000 120.780750  53.677214  -0.079774
          260.700000 120.771953  53.823405  -0.058123
          260.800000 120.763268  53.969774  -0.064873
          260.900000 120.742917  54.112183  -0.087280
          261.000000 120.727134  54.254461  -0.079033
          261.100000 120.716060  54.364958  -0.067012
          261.200000 120.677182  54.501419  -0.047905
          261.300000 120.629514  54.638887  -0.069142
          261.400000 120.594298  54.785041  -0.077004
          261.500000 120.570331  54.939361  -0.055547
          261.600000 120.570062  55.081440  -0.032376
          261.700000 120.574168  55.214141  -0.015817
          261.800000 120.561638  55.359456  -0.034258
          261.900000 120.545866  55.496015  -0.031486
          262.000000 120.536264  55.639430  -0.016172
          262.100000 120.511433  55.780259   0.002395
          262.200000 120.476195  55.906420  -0.004078
          262.300000 120.457489  56.056474  -0.026095
          262.400000 120.446290  56.215255  -0.007958
          262.500000 120.450422  56.358359   0.017285
          262.600000 120.473891  56.510987   0.027228
          262.700000 120.478565  56.666396   0.000570
          262.800000 120.488967  56.829172  -0.007788
          262.900000 120.490822  56.991784   0.018285
          263.000000 120.478752  57.131040   0.040854
          263.100000 120.454806  57.271371   0.039696
          263.200000 120.434979  57.417429   0.023954
          263.300000 120.437370  57.567622   0.032146
          263.400000 120.446076  57.717899   0.061361
          263.500000 120.473996  57.862735   0.078100
          263.600000 120.492583  58.003646   0.056122
          263.700000 120.482306  58.157850   0.040808
          263.800000 120.484022  58.316446   0.057176
          263.900000 120.456348  58.460531   0.085525
          264.000000 120.419502  58.615156   0.089412
          264.100000 120.385079  58.763730   0.036279
          264.200000 120.374391  58.916401   0.046959
          264.300000 120.373930  59.061373   0.070863
          264.400000 120.388255  59.206420   0.088974
          264.500000 120.393434  59.354565   0.067391
          264.600000 120.386489  59.504570   0.054028
          264.700000 120.384567  59.660442   0.073229
          264.800000 120.375734  59.800712   0.083598
          264.900000 120.352720  59.940731   0.090679
          265.000000 120.323865  60.086590   0.066031
          265.100000 120.299478  60.247628   0.065554
          265.200000 120.306013  60.383014   0.089368
          265.300000 120.315159  60.517641   0.111926
          265.400000 120.324745  60.662937   0.108281
          265.500000 120.304401  60.814658   0.079899
          265.600000 120.305548  60.945220   0.086081
          265.700000 120.291049  61.079282   0.110949
          265.800000 120.254160  61.213197   0.131491
          265.900000 120.222164  61.354047   0.119450
          266.000000 120.196658  61.497965   0.100096
          266.100000 120.188847  61.637683   0.129492
          266.200000 120.185657  61.788163   0.147145
          266.300000 120.189343  61.935907   0.144187
          266.400000 120.182822  62.075918   0.127333
          266.500000 120.161048  62.224664   0.124364
          266.600000 120.148057  62.370278   0.156283
          266.700000 120.122226  62.518505   0.172233
          266.800000 120.083307  62.664866   0.163859
          266.900000 120.051607  62.810086   0.147076
          267.000000 120.036180  62.959512   0.171016
          267.100000 120.045470  63.105922   0.145871
          267.200000 120.055697  63.256972   0.151727
          267.300000 120.063297  63.402765   0.128463
          267.400000 120.053204  63.543294   0.129273
          267.500000 120.042924  63.691114   0.157993
          267.600000 120.022153  63.832943   0.176812
          267.700000 120.005468  63.989185   0.179741
          267.800000 119.972256  64.146457   0.164872
          267.900000 119.978684  64.300576   0.179291
          268.000000 119.990763  64.439418   0.209184
          268.100000 120.023937  64.597610   0.223146
          268.200000 120.048132  64.747751   0.206097
          268.300000 120.049682  64.902128   0.191707
          268.400000 120.064755  65.058352   0.220693
          268.500000 120.056318  65.199693   0.246785
          268.600000 120.034615  65.344970   0.250923
          268.700000 120.014098  65.500498   0.217974
          268.800000 120.012329  65.657365   0.226757
          268.900000 120.035648  65.798569   0.265088
          269.000000 120.056863  65.962585   0.276002
          269.100000 120.073635  66.115929   0.251048
          269.200000 120.086008  66.266852   0.248941
          269.300000 120.089934  66.418199   0.272967
          269.400000 120.087827  66.558663   0.295811
          269.500000 120.069462  66.705920   0.290788
          269.600000 120.056224  66.854971   0.270140
          269.700000 120.062517  67.001301   0.281802
          269.800000 120.087278  67.145580   0.313290
          269.900000 120.118595  67.302082   0.324356
          270.000000 120.126131  67.440990   0.297250
          270.100000 120.112522  67.600741   0.276302
          270.200000 120.106110  67.756293   0.295837
          270.300000 120.093038  67.904992   0.308562
          270.400000 120.076095  68.057543   0.290231
          270.500000 120.057114  68.212436   0.272549
          270.600000 120.048059  68.367759   0.289294
          270.700000 120.035279  68.525448   0.301051
          270.800000 120.035636  68.686689   0.310376
          270.900000 120.021244  68.826433   0.289459
          271.000000 119.996109  68.982279   0.283528
          271.100000 119.984773  69.123508   0.309031
          271.200000 119.945943  69.273803   0.336034
          271.300000 119.901445  69.429555   0.330272
          271.400000 119.864462  69.574416   0.319797
          271.500000 119.852940  69.716070   0.341603
          271.600000 119.852371  69.855075   0.370783
          271.700000 119.849071  70.016940   0.388704
          271.800000 119.847221  70.158530   0.362018
          271.900000 119.824089  70.312208   0.360792
          272.000000 119.807388  70.456564   0.374962
          272.100000 119.792149  70.611825   0.397533
          272.200000 119.757612  70.758521   0.392544
          272.300000 119.728019  70.895387   0.368661
          272.400000 119.720691  71.046615   0.387485
          272.500000 119.729852  71.200568   0.418824
          272.600000 119.741817  71.355548   0.432079
          272.700000 119.744349  71.502402   0.403212
          272.800000 119.744191  71.651242   0.400374
          272.900000 119.737058  71.800330   0.421475
          273.000000 119.724277  71.959258   0.434190
          273.100000 119.696012  72.115798   0.397489
          273.200000 119.668563  72.268348   0.377615
          273.300000 119.661483  72.415859   0.397126
          273.400000 119.659554  72.579248   0.415428
          273.500000 119.680023  72.741279   0.436158
          273.600000 119.687715  72.882157   0.403672
          273.700000 119.688076  73.035767   0.389318
          273.800000 119.685907  73.190994   0.419523
          273.900000 119.674328  73.340098   0.428230
          274.000000 119.647793  73.498406   0.430872
          274.100000 119.638719  73.642987   0.413746
          274.200000 119.634324  73.795659   0.427894
          274.300000 119.646982  73.953791   0.452950
          274.400000 119.671749  74.110600   0.461895
          274.500000 119.689458  74.257035   0.437158
          274.600000 119.698541  74.408662   0.429021
          274.700000 119.710257  74.569174   0.447970
          274.800000 119.697740  74.718759   0.468133
          274.900000 119.686332  74.861173   0.458433
          275.000000 119.672534  75.016513   0.437445
          275.100000 119.668835  75.171942   0.447319
          275.200000 119.690133  75.322619   0.471619
          275.300000 119.716541  75.477856   0.475181
          275.400000 119.729200  75.622075   0.459738
          275.500000 119.743370  75.768957   0.456146
          275.600000 119.750406  75.918603   0.476529
          275.700000 119.742899  76.083403   0.498312
          275.800000 119.736179  76.232297   0.490352
          275.900000 119.722939  76.385144   0.464534
          276.000000 119.722547  76.546873   0.478757
          276.100000 119.733468  76.701423   0.443273
          276.200000 119.759278  76.839243   0.467075
          276.300000 119.768821  76.981888   0.456552
          276.400000 119.776963  77.126642   0.470286
          276.500000 119.782112  77.271007   0.493323
          276.600000 119.768284  77.414815   0.508729
          276.700000 119.748155  77.570654   0.506075
          276.800000 119.729124  77.720824   0.485668
          276.900000 119.723239  77.871187   0.508286
          277.000000 119.736521  78.019647   0.540508
          277.100000 119.766334  78.165808   0.550194
          277.200000 119.787790  78.306451   0.530102
          277.300000 119.793695  78.448225   0.528854
          277.400000 119.806727  78.596805   0.546739
          277.500000 119.784043  78.747294   0.566547
          277.600000 119.759951  78.908886   0.559963
          277.700000 119.741272  79.054296   0.535084
          277.800000 119.733864  79.199689   0.545462
          277.900000 119.720700  79.354178   0.568321
          278.000000 119.722053  79.511497   0.586080
          278.100000 119.716774  79.653966   0.566099
          278.200000 119.699077  79.802347   0.559300
          278.300000 119.689700  79.948196   0.578018
          278.400000 119.673496  80.092915   0.595495
          278.500000 119.641700  80.241312   0.598243
          278.600000 119.602731  80.385725   0.573646
          278.700000 119.581849  80.548474   0.568932
          278.800000 119.576079  80.706232   0.589523
          278.900000 119.573310  80.862575   0.601792
          279.000000 119.563801  81.006609   0.584017
          279.100000 119.538639  81.162903   0.456283
          279.200000 119.512555  81.312685   0.466227
          279.300000 119.484957  81.459216   0.482355
          279.400000 119.435555  81.612959   0.485291
          279.500000 119.385896  81.757959   0.459391
          279.600000 119.352644  81.907430   0.463616
          279.700000 119.325970  82.057344   0.479810
          279.800000 119.315319  82.201725   0.502600
          279.900000 119.290829  82.344576   0.486549
          280.000000 119.272609  82.493743   0.462379
          280.100000 119.253171  82.635959   0.483648
          280.200000 119.220232  82.787661   0.498364
          280.300000 119.169165  82.932625   0.509851
          280.400000 119.130743  83.072418   0.478378
          280.500000 119.095414  83.227720   0.467062
          280.600000 119.069231  83.371175   0.497579
          280.700000 119.064684  83.527202   0.517363
          280.800000 119.066811  83.679244   0.508966
          280.900000 119.042350  83.827909   0.475606
          281.000000 119.021705  83.965028   0.494089
          281.100000 118.996490  84.113547   0.509043
          281.200000 118.957908  84.266176   0.523919
          281.300000 118.912610  84.411235   0.506570
          281.400000 118.870678  84.552874   0.490493
          281.500000 118.867871  84.697915   0.511567
          281.600000 118.860852  84.857752   0.529678
          281.700000 118.852774  85.010039   0.532413
          281.800000 118.829181  85.164213   0.515317
          281.900000 118.818198  85.311361   0.511893
          282.000000 118.790037  85.457776   0.529325
          282.100000 118.705442  85.648931   0.342695
          282.200000 118.655525  85.782780   0.336630
          282.300000 118.608681  85.924946   0.315494
          282.400000 118.564451  86.074324   0.349759
          282.500000 118.522451  86.221205   0.384073
          282.600000 118.476614  86.366030   0.386256
          282.700000 118.420118  86.514689   0.375776
          282.800000 118.372819  86.660509   0.379722
          282.900000 118.322768  86.812752   0.415791
          283.000000 118.270140  86.940323   0.424062
          283.100000 118.214626  87.067172   0.425718
          283.200000 118.147390  87.208028   0.407154
          283.300000 118.079414  87.352385   0.429658
          283.400000 118.037063  87.503480   0.465994
          283.500000 118.008394  87.642850   0.487887
          283.600000 117.964241  87.775621   0.476799
          283.700000 117.904945  87.903710   0.453235
          283.800000 117.829355  88.022115   0.456459
          283.900000 117.748740  88.146546   0.477695
          284.000000 117.675611  88.283368   0.478886
          284.100000 117.613221  88.414708   0.448421
          284.200000 117.551394  88.546956   0.441874
          284.300000 117.490996  88.686591   0.461486
          284.400000 117.454566  88.836728   0.489364
          284.500000 117.418184  88.971259   0.487545
          284.600000 117.354266  89.103252   0.457933
          284.700000 117.302752  89.242334   0.457502
          284.800000 117.225457  89.375126   0.456561
          284.900000 117.155520  89.512489   0.460471
          285.000000 117.086400  89.639160   0.440183
          285.100000 116.984218  89.815026   0.135179
          285.200000 116.931070  89.970777   0.131447
          285.300000 116.880377  90.141062   0.168778
          285.400000 116.845445  90.298820   0.179190
          285.500000 116.797081  90.448212   0.165497
          285.600000 116.748562  90.597747   0.152727
          285.700000 116.687961  90.756196   0.183112
          285.800000 116.600695  90.892250   0.209224
          285.900000 116.510437  91.023450   0.201232
          286.000000 116.422771  91.164055   0.173098
          286.100000 116.354380  91.297254   0.189937
          286.200000 116.279201  91.442580   0.213684
          286.300000 116.212690  91.591377   0.214202
          286.400000 116.146181  91.722666   0.196098
          286.500000 116.069413  91.862496   0.189897
          286.600000 115.984940  91.994054   0.219400
          286.700000 115.891942  92.121266   0.239965
          286.800000 115.809176  92.244994   0.236609
          286.900000 115.716377  92.371662   0.233335
          287.000000 115.659021  92.500003   0.250014
          287.100000 115.604337  92.638260   0.285814
          287.200000 115.546229  92.774229   0.310293
          287.300000 115.477027  92.898340   0.290529
          287.400000 115.412191  93.032812   0.293926
          287.500000 115.329389  93.165130   0.316088
          287.600000 115.232306  93.281819   0.339736
          287.700000 115.124879  93.397025   0.329629
          287.800000 115.043609  93.518983   0.319811
          287.900000 114.964107  93.643967   0.332367
          288.000000 114.867702  93.787606   0.362956
          288.100000 114.754022  93.958998   0.111822
          288.200000 114.674883  94.093158   0.097844
          288.300000 114.576254  94.230351   0.105548
          288.400000 114.471023  94.344299   0.167349
          288.500000 114.362578  94.451266   0.186678
          288.600000 114.235795  94.552956   0.165028
          288.700000 114.123654  94.659652   0.171929
          288.800000 114.026622  94.772914   0.216931
          288.900000 113.920773  94.893431   0.257840
          289.000000 113.827565  94.997484   0.267013
          289.100000 113.728722  95.104653   0.244400
          289.200000 113.613171  95.211917   0.270995
          289.300000 113.494672  95.297799   0.321101
          289.400000 113.366872  95.365391   0.353363
          289.500000 113.250239  95.410668   0.349414
          289.600000 113.135147  95.475619   0.358374
          289.700000 113.024583  95.550356   0.386988
          289.800000 112.939111  95.626210   0.427074
          289.900000 112.838320  95.689053   0.441120
          290.000000 112.733510  95.748021   0.424297
          290.100000 112.636618  95.807859   0.421726
          290.200000 112.523659  95.852301   0.432196
          290.300000 112.415662  95.892852   0.457208
          290.400000 112.298525  95.930004   0.444996
          290.500000 112.168732  95.960696   0.429876
          290.600000 112.039500  95.986471   0.450095
          290.700000 111.906544  96.027360   0.477551
          290.800000 111.777393  96.061371   0.506938
          290.900000 111.644649  96.101494   0.489491
          291.000000 111.505799  96.137987   0.477614
          291.100000 111.334837  96.186061   0.410582
          291.200000 111.198673  96.197103   0.444549
          291.300000 111.047367  96.194978   0.461367
          291.400000 110.899231  96.187653   0.437631
          291.500000 110.757640  96.199282   0.430818
          291.600000 110.605505  96.213658   0.453665
          291.700000 110.453323  96.237462   0.475777
          291.800000 110.306665  96.256855   0.478949
          291.900000 110.153167  96.268003   0.456336
          292.000000 109.992918  96.275228   0.458117
          292.100000 109.836969  96.263776   0.481626
          292.200000 109.685930  96.239624   0.511961
          292.300000 109.536211  96.215044   0.488847
          292.400000 109.381156  96.202568   0.466841
          292.500000 109.216228  96.195795   0.484996
          292.600000 109.070456  96.217258   0.516585
          292.700000 108.913062  96.232899   0.533523
          292.800000 108.767896  96.247151   0.524328
          292.900000 108.617618  96.255536   0.516707
          293.000000 108.470424  96.250125   0.534452
          293.100000 108.319380  96.234402   0.543908
          293.200000 108.168578  96.210166   0.530139
          293.300000 108.008642  96.187768   0.521427
          293.400000 107.858661  96.171268   0.524352
          293.500000 107.711640  96.161201   0.536945
          293.600000 107.560613  96.157400   0.545710
          293.700000 107.416620  96.154512   0.537368
          293.800000 107.263645  96.142738   0.538713
          293.900000 107.113525  96.128285   0.562441
          294.000000 106.969484  96.105908   0.575019
          294.100000 106.798198  96.092600   0.525770
          294.200000 106.636013  96.072969   0.519858
          294.300000 106.481064  96.061736   0.531640
          294.400000 106.326506  96.070786   0.545755
          294.500000 106.174607  96.079386   0.545379
          294.600000 106.024207  96.089775   0.532731
          294.700000 105.862306  96.095761   0.526218
          294.800000 105.706625  96.098378   0.543339
          294.900000 105.552029  96.085416   0.551104
          295.000000 105.393821  96.060676   0.547448
          295.100000 105.230927  96.040650   0.537850
          295.200000 105.071844  96.029575   0.531607
          295.300000 104.929373  96.026119   0.544929
          295.400000 104.771793  96.027273   0.547877
          295.500000 104.621029  96.024021   0.542158
          295.600000 104.461127  96.015978   0.546740
          295.700000 104.304460  96.001581   0.560554
          295.800000 104.149752  95.979875   0.578858
          295.900000 103.995571  95.958004   0.588025
          296.000000 103.842725  95.934863   0.589079
          296.100000 103.674435  95.925656   0.590929
          296.200000 103.530939  95.916668   0.612727
          296.300000 103.380470  95.911510   0.626576
          296.400000 103.219677  95.908333   0.629671
          296.500000 103.073337  95.905518   0.634705
          296.600000 102.923953  95.895007   0.644981
          296.700000 102.783731  95.876170   0.670384
          296.800000 102.621509  95.860142   0.664755
          296.900000 102.464036  95.838647   0.656832
          297.000000 102.319496  95.826184   0.658130
          297.100000 102.182184  95.824861   0.595343
          297.200000 102.032571  95.830517   0.603230
          297.300000 101.886588  95.839034   0.591903
          297.400000 101.740438  95.843966   0.589234
          297.500000 101.588178  95.848384   0.602187
          297.600000 101.442498  95.844036   0.615382
          297.700000 101.295834  95.835786   0.614625
          297.800000 101.137434  95.822523   0.595563
          297.900000 100.969750  95.811025   0.597985
          298.000000 100.829896  95.808855   0.626428
          298.100000 100.694479  95.804352   0.647117
          298.200000 100.546718  95.791574   0.638906
          298.300000 100.398040  95.782742   0.615143
          298.400000 100.240553  95.767201   0.612307
          298.500000 100.098651  95.743577   0.627471
          298.600000 99.948784 95.717476  0.635663
          298.700000 99.796288 95.700371  0.627093
          298.800000 99.643935 95.675559  0.612019
          298.900000 99.495522 95.657425  0.615710
          299.000000 99.350407 95.643960  0.626948
          299.100000 99.215971 95.637254  0.626317
          299.200000 99.066772 95.641445  0.610213
          299.300000 98.929925 95.637425  0.615250
          299.400000 98.787493 95.623670  0.637327
          299.500000 98.642428 95.603362  0.658418
          299.600000 98.495356 95.589581  0.669996
          299.700000 98.355180 95.585227  0.667482
          299.800000 98.218013 95.578637  0.672496
          299.900000 98.082973 95.582380  0.694881
          300.000000 97.944456 95.587710  0.716067
          300.100000 97.781970 95.607459  0.495552
          300.200000 97.639904 95.607287  0.492456
          300.300000 97.501560 95.602240  0.511144
          300.400000 97.356540 95.594725  0.526654
          300.500000 97.211767 95.584763  0.529298
          300.600000 97.069441 95.576558  0.502396
          300.700000 96.926678 95.569889  0.487535
          300.800000 96.795617 95.565535  0.497751
          300.900000 96.651571 95.580821  0.519865
          301.000000 96.517754 95.604284  0.529659
          301.100000 96.374571 95.631897  0.508541
          301.200000 96.228089 95.652929  0.515102
          301.300000 96.085113 95.664376  0.523960
          301.400000 95.955017 95.650734  0.532515
          301.500000 95.822405 95.631972  0.515578
          301.600000 95.683830 95.612774  0.496687
          301.700000 95.551173 95.604744  0.489856
          301.800000 95.424264 95.591626  0.518516
          301.900000 95.284920 95.600143  0.523943
          302.000000 95.129101 95.606890  0.507768
          302.100000 94.975119 95.596647  0.490663
          302.200000 94.838233 95.596412  0.494895
          302.300000 94.698155 95.593956  0.512068
          302.400000 94.540542 95.567908  0.525407
          302.500000 94.388770 95.546790  0.505862
          302.600000 94.247984 95.504856  0.503258
          302.700000 94.098140 95.487053  0.521000
          302.800000 93.944935 95.486759  0.545797
          302.900000 93.796620 95.484635  0.536189
          303.000000 93.642081 95.485732  0.518107
          303.100000 93.474320 95.493149  0.197125
          303.200000 93.330544 95.475636  0.219908
          303.300000 93.190963 95.453725  0.262018
          303.400000 93.032430 95.437048  0.256989
          303.500000 92.876505 95.419648  0.242186
          303.600000 92.728156 95.410549  0.268030
          303.700000 92.571734 95.431445  0.290459
          303.800000 92.430983 95.449846  0.284986
          303.900000 92.270339 95.468620  0.272765
          304.000000 92.120669 95.474213  0.282382
          304.100000 91.970018 95.482110  0.315484
          304.200000 91.828829 95.475864  0.327021
          304.300000 91.691708 95.470264  0.320898
          304.400000 91.550099 95.452618  0.309458
          304.500000 91.395380 95.443092  0.329634
          304.600000 91.256651 95.453537  0.355150
          304.700000 91.105762 95.466413  0.351746
          304.800000 90.964860 95.485214  0.334011
          304.900000 90.825385 95.493577  0.339525
          305.000000 90.680515 95.489427  0.366548
          305.100000 90.530761 95.473887  0.382903
          305.200000 90.373636 95.464966  0.380607
          305.300000 90.230584 95.446712  0.358905
          305.400000 90.076653 95.438847  0.372659
          305.500000 89.922303 95.432761  0.403585
          305.600000 89.788772 95.438369  0.410196
          305.700000 89.638905 95.435423  0.381530
          305.800000 89.489101 95.433234  0.368747
          305.900000 89.357360 95.426756  0.400020
          306.000000 89.216205 95.406476  0.422129
          306.100000 89.017812 95.429691  0.114977
          306.200000 88.871111 95.407654  0.092919
          306.300000 88.716705 95.396574  0.121305
          306.400000 88.569014 95.398657  0.150410
          306.500000 88.432951 95.403906  0.161834
          306.600000 88.292811 95.407293  0.150487
          306.700000 88.139140 95.407933  0.142842
          306.800000 88.005671 95.407948  0.172975
          306.900000 87.875056 95.389075  0.199771
          307.000000 87.727123 95.383897  0.214384
          307.100000 87.584539 95.356284  0.199525
          307.200000 87.426752 95.353657  0.209482
          307.300000 87.287766 95.355690  0.230074
          307.400000 87.152953 95.365211  0.257683
          307.500000 87.009946 95.385760  0.256750
          307.600000 86.871381 95.387749  0.240935
          307.700000 86.728052 95.393304  0.254382
          307.800000 86.579115 95.387376  0.289883
          307.900000 86.435593 95.368147  0.308278
          308.000000 86.293691 95.358387  0.291313
          308.100000 86.141864 95.339390  0.287832
          308.200000 85.996527 95.337095  0.298807
          308.300000 85.858485 95.336660  0.326418
          308.400000 85.721582 95.348988  0.334252
          308.500000 85.588998 95.356937  0.335768
          308.600000 85.444233 95.360265  0.335350
          308.700000 85.300026 95.351295  0.358201
          308.800000 85.155850 95.334384  0.373970
          308.900000 85.006829 95.322786  0.361317
          309.000000 84.856776 95.301341  0.350336
          309.100000 84.693490 95.307862  0.102316
          309.200000 84.556550 95.298613  0.112400
          309.300000 84.403147 95.291097  0.127124
          309.400000 84.273431 95.278656  0.121999
          309.500000 84.122036 95.274023  0.102563
          309.600000 83.962968 95.259185  0.110367
          309.700000 83.806384 95.242673  0.120072
          309.800000 83.657729 95.214001  0.114949
          309.900000 83.502851 95.190771  0.091936
          310.000000 83.341093 95.169612  0.084571
          310.100000 83.191288 95.151343  0.092501
          310.200000 83.034188 95.146992  0.097282
          310.300000 82.877556 95.135369  0.093436
          310.400000 82.721794 95.121674  0.087668
          310.500000 82.566646 95.113130  0.088264
          310.600000 82.427818 95.103229  0.104660
          310.700000 82.278488 95.078188  0.115382
          310.800000 82.125065 95.053474  0.117121
          310.900000 81.980420 95.034955  0.099082
          311.000000 81.842213 95.027065  0.106155
          311.100000 81.706498 95.031480  0.129328
          311.200000 81.567079 95.044207  0.146720
          311.300000 81.433622 95.055364  0.159908
          311.400000 81.303184 95.059120  0.159767
          311.500000 81.165352 95.064996  0.174526
          311.600000 81.037678 95.051552  0.183229
          311.700000 80.910120 95.040810  0.181300
          311.800000 80.782594 95.032398  0.152557
          311.900000 80.650935 95.026837  0.143445
          312.000000 80.513968 95.023047  0.150307
          312.100000 80.344618 95.036074 -0.172572
          312.200000 80.212733 95.029704 -0.164239
          312.300000 80.082198 95.028442 -0.173090
          312.400000 79.946175 95.024077 -0.165978
          312.500000 79.806260 95.017012 -0.160265
          312.600000 79.661082 95.004616 -0.160197
          312.700000 79.519739 94.983187 -0.173364
          312.800000 79.386251 94.974346 -0.181114
          312.900000 79.248621 94.963537 -0.164242
          313.000000 79.114737 94.964452 -0.143108
          313.100000 78.978295 94.974715 -0.146878
          313.200000 78.840149 94.981041 -0.144706
          313.300000 78.708405 94.978013 -0.142801
          313.400000 78.568508 94.972082 -0.132488
          313.500000 78.428296 94.953114 -0.120635
          313.600000 78.291555 94.928606 -0.123592
          313.700000 78.151235 94.904649 -0.140690
          313.800000 78.007882 94.888147 -0.141143
          313.900000 77.886530 94.872722 -0.127575
          314.000000 77.741131 94.871185 -0.121735
          314.100000 77.596635 94.866662 -0.139087
          314.200000 77.465068 94.856110 -0.142856
          314.300000 77.323804 94.840869 -0.132011
          314.400000 77.175030 94.821893 -0.119149
          314.500000 77.032307 94.792691 -0.107221
          314.600000 76.881330 94.766565 -0.111067
          314.700000 76.735795 94.748486 -0.103346
          314.800000 76.595407 94.734416 -0.089871
          314.900000 76.443242 94.725953 -0.073788
          315.000000 76.289263 94.717537 -0.080364
          315.100000 76.118571 94.703135 -0.485474
          315.200000 75.957874 94.698205 -0.464757
          315.300000 75.809348 94.692516 -0.419746
          315.400000 75.661712 94.680768 -0.410312
          315.500000 75.518983 94.664190 -0.405658
          315.600000 75.370005 94.658579 -0.397982
          315.700000 75.232169 94.660361 -0.378919
          315.800000 75.098035 94.670100 -0.367394
          315.900000 74.955179 94.679394 -0.377646
          316.000000 74.822140 94.682815 -0.379404
          316.100000 74.682256 94.686025 -0.369648
          316.200000 74.539540 94.680635 -0.349564
          316.300000 74.393777 94.668198 -0.334615
          316.400000 74.255955 94.662623 -0.332161
          316.500000 74.109919 94.662578 -0.345227
          316.600000 73.965887 94.663040 -0.321524
          316.700000 73.833120 94.678097 -0.299668
          316.800000 73.690933 94.691068 -0.288808
          316.900000 73.560340 94.707623 -0.277451
          317.000000 73.432860 94.718672 -0.264576
          317.100000 73.301378 94.720728 -0.246655
          317.200000 73.153569 94.706628 -0.219763
          317.300000 73.011724 94.689776 -0.221811
          317.400000 72.865836 94.684743 -0.223567
          317.500000 72.725204 94.688344 -0.226752
          317.600000 72.595823 94.698362 -0.203231
          317.700000 72.443242 94.712172 -0.188107
          317.800000 72.294066 94.720092 -0.176841
          317.900000 72.160937 94.725996 -0.165342
          318.000000 72.026874 94.727696 -0.145712
          318.100000 71.869627 94.726068 -0.421312
          318.200000 71.726289 94.708750 -0.406361
          318.300000 71.590181 94.693992 -0.400908
          318.400000 71.452594 94.683172 -0.394957
          318.500000 71.320287 94.701575 -0.384385
          318.600000 71.193752 94.733414 -0.341700
          318.700000 71.063939 94.757803 -0.319448
          318.800000 70.941641 94.772457 -0.321082
          318.900000 70.817402 94.779562 -0.317759
          319.000000 70.690043 94.770707 -0.298919
          319.100000 70.562364 94.762610 -0.290780
          319.200000 70.432368 94.747436 -0.283519
          319.300000 70.299484 94.735094 -0.290853
          319.400000 70.157891 94.729147 -0.291374
          319.500000 70.037770 94.725018 -0.282295
          319.600000 69.910313 94.714757 -0.283239
          319.700000 69.782923 94.711016 -0.284372
          319.800000 69.654004 94.707356 -0.287849
          319.900000 69.525739 94.688445 -0.284178
          320.000000 69.384863 94.670523 -0.276355
          320.100000 69.251233 94.641934 -0.264104
          320.200000 69.113855 94.599662 -0.261608
          320.300000 68.993224 94.574712 -0.253155
          320.400000 68.859294 94.554651 -0.243600
          320.500000 68.732239 94.546587 -0.219671
          320.600000 68.609622 94.532137 -0.206393
          320.700000 68.477763 94.530259 -0.223256
          320.800000 68.341970 94.512274 -0.228448
          320.900000 68.209490 94.502893 -0.205817
